11	"Best in Shelter" Meow Madness Contest, Animal Welfare League of Arlington
11	"Quantitative Evaluation of ß-Carotin in Broccoli, " University of Giessen, Giessen, Germany
11	'Orange is the New Black' Seasons 1-3 - Netflix Original Series
11	B.E.S.T. Brothers Excelling with Self-sufficiency to Thrive
11	B.E.S.T. Physical Therapy of Long Island P.C
11	B.E.S.T. Project (City of Bradford Metropolitan District Council)
11	Bank Arya Panduarta-Nova Scotia Bank Group of Canada in Indonesia
11	Bank de El Ahorro Hondureño S.A now Bank HSBA
11	Bank for Investment & Development of Cambodia - Ho Chi Minh City Branch
11	Bank Handlowy w Warszawie S.A. (BHWSA), a member of Citigroup
11	Bank Handlowy w Warszawie SA (Citi Handlowy), a member of Citigroup
11	Bank in Liechtenstein & also Verwaltungs- und Privat-Bank AG, Vaduz, Liechtenstein
11	Bank Mees & Hope, Reed Business Information, Wolters Kluwer, AND International Publishers.
11	Bank of America (Country wide Finicial services Now part of BOA)
11	Bank of America (f/k/a Security Pacific National Trust Co.)
11	Bank of America (f/k/a) LaSalle National Bank, N.A.
11	Bank of America (formerly C&S National Bank, NCNB National Bank)
11	Bank of America (formerly Fleet Bank, Norstar Bank , Highland National Bank)
11	Bank of America (formerly Fleet Bank, Norstar Bank, Highland National Bank)
11	Bank of America (formerly known as "MBNA America Bank N.A.")
11	Bank of America (formerly NationsBank, C&S Sovran, & C&S Bank)
11	Bank of America (Global Consumer Small Business, Technology Operation & Home Loans)
11	Bank of America (predecessor institutions Fleet National Bank & Shawmut Bank, NA)
11	Bank of America (previously Boatmen's National Bank of St. Louis)
11	Bank of America - Global Consumer & Small Business Banking (Financial Planning & Analysis)
11	Bank of America - Global Wholesale Banking Technology & Operations Treasury Lockbox Technology
11	BANK OF AMERICA - OFFICE OF THE CEO & PRESIDENT - via PIONEAR LLC
11	BANK OF AMERICA - previously LaSalle Bank/ABN AMRO North America Inc.
11	BANK OF AMERICA - U.S. TRUST (ex. ABN AMRO -LaSALLE BANK)
11	Bank of America Account - C.B. Richard Ellis Commercial Real Estate
11	Bank of America Business Credit f/n/a Fleet Capital Corporation
11	Bank of America Child & Adolescent Policy Research Institute & UTSA Mexico Center
11	Bank of America Credit Card Division (F/K/A MBNA America)
11	Bank of America departments: Online Banking, Corporate Treasury Cash Management Services
11	Bank of America Global Wealth Management - Latin America Wealth Management Division
11	Bank of America Home Loan Services/Home Loan Services/Merrill Lynch
11	Bank of America Home Loans (f.k.a. Countrywide Home Loans)
11	Bank of America Leasing, f/k/a Sanwa Business Credit Corporation
11	Bank of America Merchant Services acquired by First Data Merchant Services
11	Bank of America Merrill Lynch - Corporate & Investment Banking (GCCIB) Technology & Operations
11	Bank of America Merrill Lynch FI/FX Strategy and Economics Research
11	Bank of America Merrill Lynch International Canada & Latin American Settlements & Processing
11	Bank of America Merrill Lynch Summer Internship Program (Vicknair Mast Taylor)
11	Bank of America Merrill Lynch, N.A., Global Corporate Banking - Commercial
11	BANK OF AMERICA N.A. LEGALLY RESPONSIBLE FOR COUNTRYWIDE HOME LOANS
11	Bank of America N.A. US - GA, Tucker 04/14/09
11	Bank of America N.A.- Community Bank - Military Bank Overseas DivisionSe
11	Bank of America Northern California Data Center / Automatic Data Processing (ADP)
11	Bank of America Private Bank/Banc of America Investment Services Inc.
11	Bank of America to (Mortgage Retail Branch Closed due to economy)
11	Bank of America US - CA, San Luis Obispo 04/15/09
11	Bank of America US - FL, West Palm Beach 04/14/09
11	Bank Of America Wellness Center @ 2 WFC (Plus One Health Management)
11	Bank of America | Treasury Systems, International Payment Systems, Federal Regulatory Initiatives
11	Bank of America's Corporate Accounting 09/07 to 11/09
11	Bank of America, Balance Sheet & Capital Management (BSCM) Capital Policy Team
11	Bank of America, Card Services, ATM/Debit/Credit Card Claims Operations
11	Bank of America, Crocker Bank, Wells Fargo Bank, & First Interstate Bank.
11	Bank of America, MBNA America, Publishers Clearing House, American Lung Association
11	Bank of America, N.A. (successor to Security Pacific National Bank)
11	Bank of America, N.A. / Banc of America Investment Services Inc.
11	Bank of America, N.A. Merrill Lynch Pierce Fenner & Smith Inc.
11	BANK OF AMERICA, N.A., AKA BAC HOME LOANS SERVICING LP
11	BANK OF AMERICA, N.A., ORGANIZATION-TRADE-NAME/TRADE-MARK, DEBTOR
11	BANK of AMERICA, N.A., U.S. TRUST Private Wealth Management
11	BANK OF AMERICA, N.A.,ORGANIZATION-TRADE-NAME/TRADE-MARK, DEBTOR
11	Bank of America, NA, FKA NationsBank, NA, FKA C&S Bank
11	BANK OF AMERICA, NA, SUCCESSOR BY MERGER TO BAC HOME LOAN
11	Bank Of America/ Johnson City TN - ACT (Advanced Call Center Technologies)
11	Bank of America/ Nations Bank / Boatmen's Bank of Southern Missouri
11	Bank of America/Global Client Services Deposit & Payments/Client Relationship Management
11	Bank of America/LaSalle Bank/Standard Federal Bank/Michigan National Bank
11	Bank of Atlanta, Security Bank, First Citizens, Tucker Federal & Prime Bank
11	Bank of Boston;Grupo VR, Financeira Alfa, Tecban, Sociétê General
11	Bank of Delaware Chase Manhattan Bank Citi Bank Bank of Chicago
11	Bank of East Asia (U.S.A) N.A., Accounting Department
11	BANK OF FRANCE TROY - indebtedness commission of Individuals of the Dawn.
11	Bank Of India (Share Holding Section), Gr. Floor, B.S.E.
11	Bank of Maharashtra Co-Op. Bank, Sadalga Urban Co-Op. Bank
11	Bank of Murray / Peoples First Bank / Union Planters Bank / Regions Bank
11	Bank of New England-West N.A. & RECOLL Mgt Corp (FDIC)
11	Bank of New York (Europe), Prudential Bache, Credit Suisse & Merrill Lynch
11	Bank of New York (now The Bank of Nerw York Mellon)
11	Bank of New York ConvergEx, Phoenix Wealth Management, Allegheny Energy, Entergy
11	BANK OF NEW YORK MELLON (BNY purchased Mellon Bank in 2007)
11	Bank of New York Mellon Shareowner Services (recently acquired by Computershare)
11	Bank of New York Mellon-Facilities General Services & Corporate Real Estate
11	Bank of New York Mellon-Pershing, LLC (Gateway to Leadership Program)
11	Bank of Santa Clara, San Jose national Bank, Crocker National Bank
11	Bank of Scotland plc. Treasury Division ( Now Lloyds Banking Group plc)
11	Bank of Singapore ( Formerly known as ING Asia Private Bank LTD )
11	Bank of the Ozarks (successor by merger to Intervest National Bank)
11	BANK OF THE PHILIPPINE ISLANDS, formerly FAR EAST BANK & TRUST COMPANY
11	Bank of the West, Secured Document Center at Buchanan Office Park
11	Bank of Tokyo-Mitsubishi UFJ LTD (Former Sanwa Bank Co. LTD)
11	BANK OF UTAH NOT INDIVIDUALLY BUT SOLELY AS OWNER TRUSTEE N251AA
11	BANK OF UTAH, AS OWNER TRUSTEE OF AERSALE 25313 AVIATION LIMITED
11	BANK OF UTAH, AS OWNER TRUSTEE OF AERSALE 25313 AVIATION LIMITED.
11	BANK OF WAUKEGAN AS SUCCESSOR TRUSTEE UNDER TRUST B OF THE
11	BANK OF WAUKEGAN, AS TRUSTEE UNDER THE TRUST AGREEMENT DATED NOVEMBER
11	Bank of White County an office of Bank of Putnam County
11	Bank Service-Com e Manutenção. De equipamentos Ltda. Autorizada Unisys.
11	Bank Société Générale Vostok (since 07/2011 ROSBANK)
11	bank4fun - Jugendbank der Südtiroler Volksbank - Banca Popolare dell'Alto Adige
11	BankBoston - atual segmento de alta renda e corporate do Banco Itaú.
11	BankDirect Capital Finance, a subsidiary of Texas Capital Bank, N.A
11	Banker Valuation - Comps You Can Bank On, Values You Can Trust!
11	Bankers Institute of Training, National Association of Bank Women, Dale Carnegie
11	Bankers Mortgage Center, a wholly owned subsidiary of Ouachita Independent Bank
11	Bankers Mortgage Corporation a subsidiary of The Bankers Bank of Oklahoma
11	Bankers Trust International PLC Bankers Trust Derivatives Client Services Group (DCSG)
11	BANKING, FINANCE, INSURANCE, TELECOM, IMPORT EXPORT REAL ESTATE , HOTELS, BPO,FM
11	Bankruptcy Judge Eugene R. Wedoff for the Northern District of Illinois
11	Bankruptcy Trustee Office for the Northern District of Texas Bankruptcy Trustee
11	BEST (Built Environment Skills & Training) Colleges t/a Energy Assessor College
11	BEST AUTO TIRE CENTER INC AND JANEAN COUCH AND JAMES COUCH
11	Best Beginnings Children's Partnership, Div. of Lake Co. Public Health
11	BEST BUDDIES LOUISIANA – international NGO that benefits people with intellectual disabilities
11	Best Buy, San Diego Zoo Safari Park, Yamaguchi Salon & Day Spa
11	Best Choice Real Estate- Dubai (A part of First Choice LLC
11	Best Conveyors and Racks S. de R. L. de C.V.
11	Best Financial Credit Union (Formerly known as Community Schools Credit Union)
11	Best finderlån och försäkringsförmedling i Stockholm AB
11	Best Fleet Locadora de Veiculos - Grupo SHC (Citröen/JAC Motors)
11	Best Food Com. Alimentos Ltda ( Central Prod. Habib's Master Recife )
11	Best Foods Baking Group-SB Thomas/Arnold's/Entemann's/Freihofer
11	Best Ibérica - Elcur - Fabricante de software antivirus y de seguridad
11	Best Int. Traders Incorporation. /Best Int. Traders Serv. Inc. (Freight Forwarder)
11	Best IT Quest Pvt. LTD hiring for IT services & outsourcing organization
11	Best IT Quest Pvt. LTD hiring for US$ 265 billion multinational
11	Best IT Quest Pvt. LTD hiring for US$ 270 billion Multinational
11	Best IT Quest Pvt. LTD hiring for US$ 320 billion multinational
11	BEST KIDS MODELS MARKETING E EVENTOS - São Paulo / Brasil - Moda
11	Best of San Rafael for providing Juilliard level Piano & Voice lessons
11	BEST OF THE BEST for Orthopedist's by the Central Georgia
11	BEST OTOMASYON DAĞITIM ELEKTRİK SAN.TİC.A.Ş. (Özel)
11	Best Personel , The Marriot & Marriot Courtyard , Crowne Hotel through Temp Agency
11	Best Poster, The Ohio State University Interdisciplinary Graduate Program Research Day
11	Best Practices Inc.- Inova Fairfax Hospital Emergency Dept. Chairman's Office
11	Best Price, Modern Wholesale, India - A Division of Walmart Stores Inc.
11	Best Proveedora de Productos Y Servicios S de RL de CV
11	Best S.p.A. - Via Verdi, 34 - Cerreto d'Esi / Ancona
11	Best Surveillance System Inc. (Heivision Inc.) (a surveillance, phone, & alarm company)
11	Best Technologies (Best Technologies Com. e Serv. de Informática Ltda)
11	Best Technologies (Bianco Technology Locação de Bens Móveis Ltda)
11	Best Transportation Services de México, S.A. de C.V.
11	Best Western Hotel Cristallo*** e Hotel Europa*** Rovigo di Marcheselli srl
11	BEST WESTERN HOTEL DEI PRINCIPATI" Via S. Allende - 84081 Baronissi (SALERNO)
11	Best Western Hotel Leipzig LCCH Leipzig-City-Center Hotel Betriebs GmbH
11	Best Western Hotel Soleo am Park 2. MB Mitteldeutsche Betriebsgesellschaft mbH
11	Best Western Inn 5770 East Pickard […] Supervisor(Dawn Bunker/ Mike Patel)
11	Best Western Lamplighter Inn & Suites at SDSU (a Lyon & Lyon property)
11	BEST WESTERN PLUS - The Inn at King of Prussia, RWK Enterprises
11	Best Western PLUS Aurora / Naperville Timber Creek Inn & Suites & Convention Center
11	Best Western Plus Hotel Baltic Hills Usedom Baltic Hills Hotel KG
11	BEST WESTERN PLUS Hotel Bautzen HGG OHG Hotel und Grundstücksgesell.
11	Best Western Plus O2 owned by Horizon Leisure Hotels Pvt. LTD
11	Best Western Plus Rotterdam Airport Hotel & Regardz The Globe Den Haag
11	Best Western Plus The Coniston Hotel & Restaurant & Holiday Inn Express Folkestone
11	Best Western Ruby's Inn & Best Western Bryce Canyon Grand Hotel
11	Best Western Yuvraj & Hampton by Hilton,Baywood Hotels India Pvt. LTD
11	Best Western, The Inn At Longwood (A Druker Company LTD property)
11	Best's Kosher Foods Corporation, a Division of Sara Lee Corporation
11	Bestattungs- und Über- führungsinstitut Gorhau Inh.: Manfred Gorhau e.K.
11	Bestay, Avicena Arabic School, FantasyRev, Spain Tolkien Society, BibliotecaBecquer and others
11	BestCollect Cobranza Nacional (Trabajando con el Cliente SCA MEXICO Y CENTROAMERICA
11	Bestel Capital Corp. o/a O'Shea's Eatery & Ale House
11	BESTEN WIRE AND CABLE DE MEXICO, S.A. DE C. V
11	BESTINFO S.r.l. - Sicurezza e formazione negli ambienti di lavoro
11	BestMarket Industria e Comercio de Informática e Eletrônicos Ltda
11	Bestuur Nederlandse Vereniging van Makelaars o.g. en vastgoeddeskundigen NVM Rotterdam
11	Bestuur SPS NIP Utrecht (Sectie Psychologie Studenten Nederlands Instituut voor Psychologen)
11	Bestuur studentenvereniging U.V.S.V./N.V.V.S.U.
11	Bestuur van dispuut o.v. O.S.T.A.R.A.
11	bestuur van Ouderenorganisaties KBO en SSBO, lid van WMO-raad Delft
11	Bestuurslid (secretaris) Nederlands Instituut voor Alcohol en Drugs, Trimbos Instituut, Utrecht
11	Bestuurslid Sociëteit Amicitia | Herensociëteit Amicitia | Member of the Board
11	bestuurslid Stichting Gezondheidscentrum Overdiep en stichting Eerstelijn Zorg Appingedam e.o.
11	Bestuurslid VCOPZD (Vereniging van Christelijk Primair Onderwijs in Zuid West Drenthe)
11	Bestuurslid Wavopark Wassenaar, onderdeel van de Van Ommeren - de Voogd Stichting
11	BESTYESR AUTO REPAIR SERVICE CENTER, LLC DBA BEST YEAR AUTO REPAIR
11	Google Asia Pacific Pte LTD (deputed by Optimum Solutions Pte LTD
11	Google Building Maker - Modellazione della città di L'Aquila in 3D
11	GOOGLE SEARCH [<+DUBAI -AL- BURJ - WORLD'S MOST LUXORIOUS HOTEL HD+>]
11	Google Summer of Code 2013, The R Project for Statistical Computing
11	Google Summer of Code 2015, The R Project for Statistical Computing
11	Google,Maserati,Nokia,Porsche,thinkThin,Glenlivet,Symantec,Giltcity,NBA2K14,Ehrmann,Activision
11	H & G Distributing Co (Corporate office of the Original Seafood Shanty)
11	H & G REAL ESTATE INVESTMENT, LLC, A FLORIDA LIMITED LIABILITY COMPANY
11	H.G. Supervision,Ingenieria y Control s.a. de c.v.
11	H.G.A. Bodegas y Viñedos de Altura S.L.
11	H.G.B. COFRES E MÓVEIS DE AÇO LTDA
11	HG Construcción y Desarrollo Integral, S. A. de C. V.
11	HG Gümrük Müşavirliği ve Lojistik Hizmetleri LTD
11	HG PROMOTORES EN DEPORTE Y ENTRETENIMIENTO SA DE CV (ABIERTO MONTERREY)
11	HGO Healthcare Solutions, LLC d.b.a. Care Optima Homecare LLC
11	HGS Engineering - Contractor for COBRATF/CDP a Training Facility for FEMA
11	HGST, a Western Digital company (formerly Hitachi GST, formerly IBM HDD)
11	HGW Comércio e Serviço de Instalações Industriais LTDA
11	J & P INVESTMENTS OF ORLANDO, LLC, A FLORIDA LIMITED LIABILITY COMPANY
11	J PATRICK MCGRAEL MD UROLOGY ASSOCIATES PA DBA MCGRAEL UROLOGY ASSOCIATES
11	J PATRICK MCGRAEL MD UROLOGY ASSOCIATES PA DBA TEXOMA UROLOGY ASSOCIATES
11	J Peterman Legal Group LTD f/k/aBlommer Peterman, S.C
11	J Prolab Ind. e com de Produtos para Laboratório LTDA.
11	J PROS/MG - Juventude Republicana da Ordem Social de Minas Gerais
11	J. P. McElvenny Company, a Division of Lee Supply Co. Inc.
11	J. PATRICK BURKE AND NANCY C. BURKE REVOCABLE INTER VIVOS TRUST
11	J. Paul Sticht Center on Aging, Wake Forest Baptist Medical Center
11	J. Pensa - F. Rossi Galante - P. Boccardi - F. Papa - avvocati associati
11	J.P de Melo - Confecções - EPP (Blood Stream Surf Shop)
11	J.P. de Barbanson h.o.d.n. Remax Excellence Makelaars
11	J.P. Morgan (f/k/a American National Bank & Trust Co.)
11	J.P. Morgan (f/k/a Banc One Capital Markets Inc.)
11	J.P. Morgan (transfer from the Investment Bank at Bear Stearns)
11	J.P. MORGAN - IB Securitized Products Group (SPG) Trading Technology Newark
11	J.P. Morgan Asset Management (Europe) S.à r.l. Frankfurt Branch
11	J.P. Morgan Chase (FKA The First National Bank of Chicago)
11	J.P. MORGAN CHASE (formerly THE FIRST NATIONAL BANK OF CHICAGO)
11	J.P. MORGAN CHASE BANK, N. A. fka WASHINGTON MUTUAL (WAMU)
11	J.P. Morgan Chase Bank, N.A., Middle Market Commercial Banking
11	J.P. Morgan Services India Pvt. LTD (Private Banking – Asset Management)
11	J.P. Turner & Company, LLC Gorgas University Library, University of Alabama
11	J.P. Turner, L.I.C./Dalton Kent Securities Group Inc.
11	J.P.A. Optimización de Recursos Empresariales S.A. (GRANADA)
11	J.P.EMPREITEIRA DE MàO DE OBRA SC LTDA ME
11	J.P.M. Industria e comércio de laticínios LTDA.
11	J.P.W. Endeavors, LLC- Home of The Straw-lution Straw!!
11	J.Pilon S/A Açúcar e Álcool -Usina Santa Maria
11	JP Associates (subcontrating for Kearney & Co for the US Air Force)
11	JP Carvalho & FM Carvalho Diagnóstico e Tratamento S/C Ltda.
11	JP Designs (Main clients: Boscov's Department Stores, Stage Stores, Peebles)
11	jp gıda reklam turizm org. san ve tic. LTD şti
11	JP Morgan (M&A Analyst), Microsoft (Product Management), SAP (Product Management)
11	JP Morgan Chase & Co. DEBIT CARD FRAUD PREVENTION SPECIALIST - Chase Bank
11	JP Morgan Chase (Formerly Bank One Services Corporation-FCS Call Center)
11	JP Morgan Chase Bank, N.A. / The Bank of New York
11	JP Morgan Chase Bank/Wingspan Portfolio Advisors (as of February 2013)
11	JP Morgan Chase Chase Wealth Management Services Corp. (I.F.S.)
11	JP Morgan Chase Home Finance & Expert Realty the Home Loan Store
11	JP MORGAN CHASE VASTERA MEXICO,S DE RL(Servicios comercio exterior)
11	JP Morgan Chase Vastera, S. de R.L. de C.V.
11	JP Morgan Chase-Morgan Stanley-Colony Capital LLC-Investors Hospitality Management
11	JP OLEO - SONDAGEM E COMPLETAÇàO POÇO DE PETRÓLEO
11	JP RVS REPO DEPOT, LLC DBA JP RV'S REPO DEPOT
11	JP Scott Center for Neuroscience, Mind, & Behavior, Bowling Green State University
11	JP&MA COM DE BORR E PÇS TÉCN LTDA
11	JP4 Indústria e Comércio de Carrocerias Frigórificas Ltda.
11	JPC - Santa Rita Contabilidade Comércio e Material de Escritório
11	JPL Produções – Produções Independentes de Áudio e Vídeo
11	JPlentz Associados (Techtools Importação, Comércio e Serviços Ltda.)
11	JPLicks Homemade Ice cream Cafe Location: 7 Stores Boston & surrounding areas
11	JPMORGAN ABSOLUTE RETURN CREDIT MASTER FUND LTD CO JPMORGAN ASSET MANAGEMENT
11	JPMorgan Chase Bank N.A. (f/k/a Washington Mutual Bank)
11	JPMORGAN CHASE BANK NA AS CERTIFICATE CUSTODIAN UNDER MASTER CUSTODY AGREEMENT
11	JPMorgan Chase Bank, Singapore (Deputed from Zenith InfoTech Pte LTD, Singapore)
11	JPMorgan Chase Credit Card Services, Norman, OK 01/2005 - 12/2006
11	JPMorgan Chase, Institución de Banca Multiple (Former J.P. Morgan)
11	JPN Industria e Comércio de Moveis de aço ltda
11	JPNOR ENGENHARIA/ ATP ENGENHARIA/PERSONAL SERVICES/CONTRERAS ENGENHARIA/TELSAN ENGENHARIA/PERBRAS
11	JPP Service de Cab e Com de art de moda LTDa.
11	JPS Contractor for NOAA-National Marine Fisheries Services – Panama City Laboratory
11	JPS Contractor for NOAA-National Marine Fisheries Services-Habitat Conservation Division.
11	JPT Robotics Ingeniería y Servicios Técnicos S.L.L.
11	Macy's Bloomingdale's Inc. & The Law Offices of Gerry McMahon
11	Macy's Bloomingdale's Inc. / The Law Offices of Gerry McMahon
11	Macy's Digital (Clients: Martha Stewart, Tommy INC., Impulse, Essence & more)
11	Macy's in the Quakerbridge Mall & Charter Club in Forrestal Village
11	Macy's Inc. -- Macy's Collection & Customer Services (MCCS) Call Center
11	Macy's Inc. Santa Clara, CA & Pleasanton, CA 2005 to 2015
11	Macy's Inc., Macy's Merchandising Group, Macy's Home Store
11	Macy's Neshaminy, Macy's Oxford Valley & Macy's Willow Grove
11	Macy's Oakbrook, Macy's Oakbrook Furniture Store & Macy's Cherryvale
11	Macy's System Technology Group via Software Paradigms International Inc. (SPI)
11	Macy's Valley View, Roanoke, VA: Holiday Retail Sales Associate - Temporary
11	Macy's, Pottery Barn Kids, Sharper Image, Smith + Hawken, Walmart.com
11	MED - Associazione Italiana per l'Educazione ai Media e alla Comunicazione
11	MED Associazione Italiana per l'Educazione ai Media e alla Comunicazione
11	MED Diseño, Cosnstruccion y Supervision S.A. de C.V.
11	Med-Center West (Division of The Medical Center of Central GA)
11	MED-GRAPH MATERIAL MÉDICO, TÉCNICO E CIENTÍFICO LTDA.
11	Med-Match Inc. c/o Blue Cross Blue Shield of Michigan
11	Med. Versorgungszentrum (MVZ) für Reproduktionsmedizin am Klinikum Kassel (Haus F)
11	MEDA Engineering & Technical Services, LLC (Assigned to Fiat/Chrysler Head Office)
11	MEDA TEKS TEKSTİL SANAYİ VE TİC.LTDL.ŞTİ. (Özel)
11	Medabil Varco Pruden S/A - Ind. Metalúrgica – N. Bassano - RS
11	MEDAlics - Research Centre for Mediterranean Relations, Università per Stranieri “Dante Alighieri”
11	MEDALLION COMPANIES, L.L.C. & MEDALLION CONTAINER NURSERIES, L.L.C.
11	Medallion McKnight Development Corp. o/a Quality Hotel Airport & Conference Center
11	Medallion McKnight Development Corporation o/a Quality Hotel Airport & Conference Center
11	MedAssets Inc. Alpharetta, GA [Onsite at Jackson Health System, Miami, FL]
11	MedBest / SUNY Upstate Divsion of Hematology/Oncology & the Department of Medicine
11	Medcan Comércio e Representação de Materiais Médico Hospitalares
11	MEDCAN HEALTH MANAGEMENT, INCCANADA'S LEADING INTEGRATED HEALTH MANAGEMENT SOLUTIONS COMPANY
11	MEDCEM MADENCİLİK VE YAPI MALZEMELERİ SAN. TİC. A.Ş.
11	Medcin Instituto da Pele - Pesquisa Clínica e Conceitos em Dermatologia
11	Medco Health Solutions Inc. Medco was sold to Express Scripts in
11	Medco Health Solutions(Express Scripts) Applabs INC. USA. Starwood Hotels & Resorts
11	Medco Health Solutions, U.S. Bank, Anthem, G.E. Consumer Finance
11	MEDCO MADENCİLİK SAN.VE TİC.LTD.ŞTİ. (Özel)
11	MEDE America Dental Division (Purchased by WebMD 11/12/99 above)
11	Medea Inc.; Stillpoints, LLC; MDSH Enterprises (three related, yet distinct companies)
11	MEDEA Institute (European Institute for Research on Mediterranean & Euro-Arab Cooperation)
11	Medeiros e Matsuo Apoio Administrativo Ltda - Banco do Brasil S/A
11	MEDEL ELEKTRONİK ELEKTRİK MAKİNA DEMİRYOLU ARAÇLAR
11	Medesys Tecnología de Información, S.A. de C.V.
11	Medewerker keuken, afwas en catering bij Partycentrum/restaurant Smeets te Merkelbeek
11	Medewerker secretariaat/administratie bij Ministerie van Economische Zaken, Dienst Landelijk Gebied
11	Medexitalia S.r.l. - Azienda distributrice di Dispositivi Medici e Servizi
11	MedFi Group division of WG Williams - Above the Standard Procurement Group
11	Medgar Evers College of The City University of New York (CUNY)
11	MEDGRUPO curso preparatório para concursos de residência médica
11	MEDI ACCESS SEGUROS DE SALUD, METLIFE, BANORTE, ABA/ACE, ANA, AXA
11	Medi-Sota Rural Health AllianceMedi-Sota/Rural Health Alliance Member Facility
11	Media & Machines Laboratory, School of Engineering, Washington University in St. Louis
11	Media & Marketing & Community Outreach Divisions at Saint Peter's Healthcare System
11	MEDIA 8 DISTRIBUTION II ACTING THROUGH ITS AGENT MEDIA 8 ENTERTAINMENT
11	Media Arts Center San Diego | 21st San Diego Latino Film Festival
11	Media Capital Edições (former Edições Expansão Económica)
11	MEDIA CONNECT (a division of Finn Partners, a Ruder Finn Company)
11	Media Connect a division of Finn Partners (a Ruder Finn company)
11	MEDIA CONNECT | A Division of Finn Partners, a Ruder Finn Company
11	Media Diversity & Social Change Initiative at USC Annenberg School for Communication
11	Media First International – Media Agency Acquired by the Interpublic Group (IPG)
11	Media Focus Schweiz GmbH (Joint Venture: The Nielsen Company & GfK Switzerland)
11	Media General: The Tampa Tribune, TBO.com, WFLA News Channel 8
11	Media Groep Limburg te Sittard afdeling Database Marketing en Markt informatie
11	Media Groep Limburg te Sittard afdeling Oplage Verkoop Dagblad De Limburger
11	Media Groep Limburg, drummer at Bastardi Di Blues and Ruby Explosion
11	Media Group: IT Services that assists equipments to classrooms in BU
11	MEDIA HOLDING (newspaper "Vesti", magazine "Reporter", radio "Vesti" TV channel UBR)
11	Media International Co. Tokyo, Japan and CV. Mandala Lestari, B. Lampung
11	Media Lab Europe, The European Reserach Partner of MIT Media Lab
11	Media Lab, Department of Electrical & Computer Engineering, Texas A&M University
11	MEDIA MARKT E272 VIDEO-TV-HIFI-ELEK-COMPUTER-FOTO,S.A
11	Media Markt Saturn ICT Shared Service Centre BeNeLux (Belgium, Netherlands, Luxemburg)
11	Media News Canarias S.L. + Media Report Producciones Audiovisuales S.L.
11	Media Planning Group, S.A. de C.V. (Agencia de Medios)
11	Media Publikum d.o.o., Zasavska cesta 54a, 1231, Ljubljana, Slovenia
11	Media Resource Center, The University of North Carolina at Chapel Hill
11	Media Salles - a European Union initiative for cinema promotion in Europe
11	Media Solutions Corporation & the National Grocers Association's Digital Media Center
11	Media Studies, Journalism, & Digital Arts Department at Saint Michael's College
11	Media Studio for FITL (Center for Faculty Innovations in Teaching & Learning)
11	Media Uni (Televisión por Internet de la Universidad de Valencia)
11	Media-Saturn Administración de España & Iberia S.A.U.
11	Mediadora especialista en Familia, Civil y Mercantil, Laboral, Vecinal y Penal.
11	Mediadora Familiar, especialista en mediación familiar transnacional y matrimonios mixtos.
11	Mediadora Registrada al Centre de Mediació de Dret Privat de Catalunya
11	Mediadores de Seguros del Siglo XXI y La Red Del Seguro
11	Mediaedge:cia - Advertising Age Global Media Agency of the Year 2007
11	MEDIAL SAÚDE S/A (hoje AMIL SAÚDE S/A)
11	Mediamarket S.p.A. Mediaworld Milano Città 1 e Città 3
11	Mediamarket S.p.A. presso Mediaworld viale Troya, Milano città1
11	Mediamarket Spa - Mediaworld P.d.V. di Padova - Via Venezia, 98
11	Mediamobile Italia S.p.A. Centro Direzionale – Isola C2 – Napoli (Italia)
11	MEDIAN Klinik Berlin-Kladow Rehabilitationsklinik für Orthopädie und Neurologie
11	Mediana empresa dedicada a Siniestros Automotores con trayectoria en el mercado
11	MediaNext Inc./RDG Inc. (acquired by Triton Digital Media in 2007)
11	Mediante el Coplef para Polideportivo Municipal de la Comunidad de Madrid
11	Mediapason S.p.A. (Telelombardia/Antenna Tre e Top Calcio 24)
11	Mediar São Paulo Câmara de Mediação e Arbitragem
11	Medias-connet associazione senza scopo di lucro per la mediazione civile
11	MEdiaset España Comunication SA (previously Gestevision Telecinco SA) / Europroducciones tv
11	Mediateca. Centro de Estudios y Certificación de Lenguas Extranjeras. UANL
11	Mediatica S.p.A. c/o EDS-Italy S.p.a
11	Mediatore nelle cause civili e commerciali iscritto al Ministero di giustizia
11	Mediattiva S.r.l. (Gruppo Poligrafica San Faustino S.p.A.)
11	Mediavision E Internet De México S.A. De C.V.
11	Mediavision e Internet de México, S. A. de C. V.
11	MediaWhiz Holdings LLC - Named #11 Best SEO Company by Top SEOs
11	Medibtikar - project by the European Union in Middle East & North Africa
11	Medic Call Comércio de Produtos Médicos e Hosp. Ltda
11	Medic Call Comércio de Produtos Médicos e Hospitalares Ltda.
11	Medic Center do Brasil Produtos Fitoterápicos e Cosméticos Ltda.
11	Medic-ABC Distribuidora de Medicamentos Especialiazados S.A. de C.V.
11	Medic-ABC Distribuidora de Medicamentos Especializados S.A. de C.V.
11	MEDIC-ABC DISTRIBUIDORA DE MEDICAMENTOS ESPECIALIZADOS, S.A. DE C.V.
11	Medicaid Eligibility & Denial Solutions Inc. (M.E.D.S.) Dade City
11	Medicaid Fraud Control Unit of the Maryland Attorney General's Office
11	Medicaid Fraud Control Unit, Office of the Attorney General of Maryland
11	Medicaid Services Coordinator Catholic Charities of Chenango County Inc. Norwich NY
11	Medical / Industrial Gases with VIMB, Praxair, BOC, Liquid Carbonics, & Air Products
11	Medical Admin. Dept, the 2nd Affiliated Hospital of Harbin Medical University
11	Medical Arts & Research Center of University of Texas Health Science Center
11	Medical Arts Building- St. Luke's Medical Center Quezon City, Philippines
11	MEDICAL ARTS CENTER PARTNERSHIP, A LIMITED PARTNERSHIP, A CALIFORNIA LIMITED PARTNERSHIP
11	Medical Assistant Boise Pediatrics Saint Alphonsus Medical Group (all clinic locations),
11	Medical Assistant I Ambulatory Clinic 185074 IU Health White Memorial Hospital
11	Medical Assistant I Oncology 456526 IUH SIP 1000 W 1st St
11	Medical Assistant II Foot & Ankle 456523 IU Health Southern Indiana Physicians
11	Medical Assistant II Urgent Care 456520 IU Health Southern Indiana Physicians
11	MEDICAL ASSISTANT Ind Infusion Center - North 106600 Methodist Medical Plaza North
11	Medical Assistant/LPN (EasternWoods Family Practice) - As Needed (TOC), 1st/Vari
11	Medical Assistant/LPN (EasternWoods Family Practice) - As Needed (TOC), 1st/Variable
11	Medical Association Management-a Division of the Illinois State Medical Society
11	Medical Billing Customer Services Supervisor, Revenue Cycle Business Office CSR Supervisor
11	Medical Billing Management Services (MBMS) Perioperative Services (Periop), & PRO Rad Onc
11	Medical Biochemistry Institute (IBqM), Federal University of Rio de Janeiro (UFRJ)
11	Medical Burs Ind. e Com. Pontas e Brocas Cirúrgicas Ltda.
11	Medical C4I Requirements Officer for the Marine Corps (Active Duty Navy)
11	Medical Camp, Association of Physicians of Pakistani Descent of North America
11	Medical Cardiac & Oncology Medical/Surgical Units, Clear Lake Regional Medical Center
11	Medical Center & Children's & Women's Hospital-University of South Alabama
11	Medical Center Clinic, P.A. (Dr. James Kintner & Dr. Saul Ullman)
11	Medical Center for Women Shijiazhuang No. 4 Hospital, Shijiazhuang, Hebei, China
11	Medical Center of Central Georgia US - GA, Macon 04/15/09
11	Medical Center of Plano, Medical City of Dallas, Mesquite Medical Center
11	Medical Center of Southern Indiana. Now St. Catherine's Regional Hospital
11	Medical Center of the Rockies (University of CO Health...formerly PVHS)
11	Medical Center of the Rockies - Affiliated with University of Colorado Health
11	Medical Center of Trinity (formerly Community Hospital of New Port Richey)
11	Medical Center of Trinity, Memorial Hospital of Tampa, Tampa Community Hospital
11	Medical Center Pharmacy (was a subsidiary of Arbor Drug & then CVS)
11	Medical Center, Anne Arundel Medical Center, Virginia Hospital Center & Southampton Hospital
11	Medical Center, Navicent Health (formerly The Medical Center of Central Georgia)
11	Medical City of Dallas (American Mobile Healthcare Inc. 13 week assignment)
11	Medical Cnt. of LA at New Orleans/Interim LSU Public Hospital
11	Medical College District I, La Plata. Buenos Aires State Health Dpt.
11	MEDICAL COLLEGE GA., INTERNAL MEDICINE CLINIC(LPN3 FOR MD. LAMAR PEACOCK)
11	Medical College of Georgia (Now known as Georgia Health Sciences University)
11	Medical College of Georgia (renamed Georgia Regents Health) Family Medicine Department
11	Medical College of Georgia - School of Nursing - Mental Health Psych Dept.
11	Medical College of Georgia / Georgia Health Sciences University / Georgia Regents University
11	Medical College of Georgia at Georgia Regents University Cancer Research Center
11	Medical College of Georgia/ Children Medical Center/Veteran's Medical Center
11	Medical College of Ohio (Now the University of Toledo Medical Center)
11	MEDICAL COLLEGE OF PENNSYLVANIA, Laboratory of Carol F. Lippa, M.D.
11	Medical College of Wisconsin - Center for International Blood & Marrow Transplant Research
11	Medical College of Wisconsin - Division of Pathology, Froedtert Memorial Lutheran Hospital
11	Medical College of Wisconsin, Center for International Blood & Marrow Transplant Research
11	Medical College of Wisconsin, Center for the Advancement of Underserved Children
11	Medical College of Wisconsin, Clinical & Translational Science Institute of Southeast Wisconsin
11	Medical College of Wisconsin, Columbia St. Mary's Family Medicine Residency
11	Medical College of Wisconsin, Department of Anesthesiology Medical College of Wisconsin
11	Medical College of Wisconsin, Department of Pathology Froedtert Memorial Luthern Hospital
11	Medical College of Wisconsin, Department of Pediatrics Medical College of Wisconsin
11	Medical College of Wisconsin, Dept of Anesthesiology MCW Pain Management Center
11	Medical Company's, Resins Corp, Retail Mfg, Technical,& Commercial Company's
11	Medical Connections- provided speech therapy services to two Genesis Rehab Programs
11	Medical Corporation Association Kei Jing Chi null tree Zaki dental clinic
11	Medical Corporation Association Keiwakai Long-Term Care Health Facility & the ax
11	Medical Corporation Association of Western New Rakuwakai Shinjuku sleep Medical Clinic
11	Medical Corporation Association OJ Association Ueshima dental west Omiya dental care
11	Medical Corporation Association Shiro-ho-kai nursing home Iruma seafood paradise
11	Medical Corporation Association Shiro-ho-kai nursing home Tokorozawa seafood paradise
11	Medical Corporation Association Shoji Association violet dental Koiwa Medical Center Clinic
11	Medical Corporation Association Sotomo-kai UDX Hilla Hata clinic Hirahata ToruMiyuki
11	Medical Corporation Association Toyo-sei-kai Day Services Center powerful sunflowers
11	Medical Corporation Association YoshiSatoshi Kotobuki-kai Iida Internal Medicine Clinic Ishikawa
11	Medical Corporation Kenmizu-kai Long-Term Care Health Facility Asahi Township
11	Medical Corporation Teishin Association Long-Term Care Health Facility revered corner
11	Medical Department at Redeemed Christian Church of God (Open Heavens Parish)
11	Medical Diagnostic Laboratories LLC, A Member of the Genesis Biotechnology Group
11	Medical Directorship-- Boston - Medical Director needed - Community Health Center-- Harvard Teachin
11	MEDICAL DISTRIBUTION SOLUTIONS INC. (MDSI) PROVIDING TOOLS TO MOVE MARKET SHARE
11	Medical Doctors Associates (MDA), at Professional Health Services Inc. & Examinetics Inc.
11	Medical Edge Healthcare Group Inc. Medical Edge Healthcare Group, P.A.
11	Medical Edge Healthcare Group Inc. MedicalEdge Healthcare, P.A.- North Carolina
11	Medical Edge Healthcare Group P.A.-Dallas, TX/Texas Health Medsynergies
11	Medical Education & Training Campus (METC), Ft Sam Houston/382d Training Squadron
11	Medical Education Foundation of the American College of Osteopathic Obstetricians & Gynecologists
11	MEDICAL EMERGENCY DATA SYSTEMS INC. & G.R.I.P. SOLUTIONS INC.
11	Medical Episodes Decider (Research) Netherlands institute for health services research (NIVEL)
11	Medical Expert Service Ltd (Serviço de Perícia Médica)
11	Medical Express, American Mobile Healthcare, Supplemental Healthcare, Cross Country Trav Corps
11	MEDICAL FACILITIES OF AMERCIA- RALEIGH COURT HEALTH & REHAB/ FRANKLIN HEALTH & REHAB
11	Medical Facility of America - Bowling Green Health & Rehab. (SNF/LTC Facility)
11	Medical Foundation Mr. Xu Yuanzhi Medicine Foundation Far Eastern Memorial Hospital
11	Medical Genetics Service - Hospital de Clínicas de Porto Alegre - Brazil
11	Medical Genomics, Center for Neurogenomics & Cognitive Research, VU University Medical Center
11	Medical Group of Beverly Hills Inc. (Multi-specialty Medical) Los Angeles
11	Medical Health & Technologies Career Academy at the East Islip High School
11	MEDICAL IMAGING CENTER OF SOUTHERN CALIFORNIA INC A PROFESSIONAL MEDICAL CORPORATION
11	MEDICAL IMAGING CENTER OF SOUTHERN CALIFORNIA INC A PROFFESSIONAL MEDICAL CORPORATION
11	MEDICAL IMAGING CENTER OF SOUTHERN CALIFORNIA, INC. A PROFESSIONAL MEDICAL CORPORATION
11	MEDICAL IMAGING CENTER OF SOUTHERN CALIFORNIA, INC., A PROFESSIONAL MEDICAL CORPORATION
11	Medical Intensive Care Department, NVICU, & CVICU at Medical City of Dallas
11	Medical Intensive Care Unit (MICU)- Manila Central University College of Nursing
11	Medical Intern, Hospital de Clínicas ; Buenos Aires Michigan State University
11	Medical Laboratório de Análises Clínicas S.S. Ltda
11	Medical Legal Community Partnership-Philadelphia Department of Public Health & Philadelphia Legal
11	Medical Legal Society will be larger string DS Tuan Hung hospital
11	MEDICAL MANAGEMENT GROUP OF SOUTHERN CALIFORNIA AND PAINLESS SPINE CENTER INC
11	Medical Manager Health Systems/WebMD Practice Services/ Emdeon Practice Services/ Sage
11	Medical Mission Volunteer of Faith Alive HIV/AIDS Assistance & Awareness Program
11	Medical Mutual of Ohio (formerly Blue Cross Blue Shield of Ohio
11	Medical Mutual of Ohio (formerly Blue Cross Blue Shield of Ohio)
11	Medical Mutual Of Ohio Formerly Blue Cross Blue Shield of Ohio
11	Medical Office of Dr. Bernardini, Dr. Vomero, Dr. Anselmi & Dr. Anwar
11	Medical Office of Dr. John D. Babb, M.D., P.C
11	Medical Office of Dr. Omar Perez Soto & Dr. Lilliam Lugo Carmona
11	MEDICAL OFFICE OF JOHN CORSI D.O. & FRANK FRAIOLI D.O
11	Medical Office of Lawson A. Moyer III, M.D., FACP, Internal
11	Medical Office of Manhattan- MOM - Dr. Josephine Julian - Dr. Lisa Kalik
11	Medical Office, Phi Theta Kappa Honor Society, Red Rocks Community College
11	Medical Offices of Saleem Haq, M.D. & Ameena Haq, M.D.
11	Medical Oncology Branch, Women's Malignancies Clinic, Center for Cancer Research
11	Medical Oncology, Abramson Cancer Center Hospital of the University of Pennsylvania
11	Medical Practice of Dr. Jeffrey F. Lakin, M.D., P.A
11	Medical Practice of Dr. Jeffrey F. Lakin, M.D., P.A.
11	Medical Priorities Looking for PSW/DSW/HCA/24 hour Live in
11	Medical Radiologist Inc., Miami Valley Neurosurgery Inc. Medical Accounts Services Inc.
11	Medical Re-sequencing Human Genome Sequencing Center, Baylor College of Medicine
11	Medical Readiness & Materiel Command MRMC USAID-Office of Transition Initiatives OTI
11	Medical Records & Health Information Technicians/ Children's Hospital of Los Angeles
11	Medical Records Abstractor - Drug Abuse Warning Network (DAWN), for Westat Inc.
11	Medical Records Scanner, Dr. Richard M. Freeman, M.D., P.C
11	Medical Records, General Medical, Dental, Emergency Medicine, Outpatient Surgery, Inpatient Care
11	Medical Research Council Cognitive Function and Ageing Study, University of Cambridge
11	Medical Research Institute of Beijing Public Kang Yue Wah International ENT
11	MEDICAL S.r.l - INNOVATIVE Medical Tecnologies S.r.l. Napoli
11	Medical School for International Health, Ben-Gurion University of the Negev
11	Medical Services Corps, U.S Army & Florida Army Reserve National Guard
11	Medical Services of America (Medi Home Hospice/Tri County Home Health)
11	Medical Services to the Community of Palomino (Servicio Medico Comunal Palomino)
11	Medical Shadowing, Private Medical Office of Dr. Harvey Kleiner, D.O
11	Medical Shop, Objetiva, Hospital Sao Lucas, Hospital Carpe Vie, Protech & Ortolife
11	Medical Simulation Center of McGill University & Ecole de Technologie Supérieure
11	Medical Social Worker - LBSW / LMSW - Baylor University Medical Center - Dallas - PRN
11	Medical Society of the State of New York / American Medical Association
11	Medical Solutions (Dalton Oncology at VCU Medical Center in Richmond, VA)
11	Medical Specialists of North Alabama-Dr. Paul Gerardi/Dr. William Halama
11	MEDICAL SPECIALTY- 6 SOUTH - SANFORD MEDICAL CENTER SOUTH WING - FARGO ND
11	Medical Students for Choice, The University of Toledo College of Medicine
11	Medical Surgical Unit, Our Lady of the Lake Regional Medical Center
11	Medical Surgical-Raritan Bay Medical Center, Robert Wood Johnson University Hospital
11	MEDICAL TECH I IUH Bedford Lab 115137 IU Health Bedford Hospital
11	MEDICAL TECH I IUH Bloomington Lab 115139 IU Health Bloomington Hospital
11	MEDICAL TECH I IUH Tipton Lab 115135 IU Health Tipton Hospital
11	Medical Tech II IUH Bloomington Lab 115139 IU Health Bloomington Hospital
11	Medical Tech II IUH Tipton Lab 115135 IU Health Tipton Hospital
11	Medical Technologist I IUH Bloomington Lab 115139 IU Health Bloomington Hospital
11	Medical Technologist, Blood Bank Experience Preferred / Full Time, Evenings, Weekend Rotate
11	Medical University Hospital of South Carolina, Surgical-Medical Accute Care Unit
11	Medical University of Novi Sad, Faculty of Medicine, Novi Sad, Serbia.
11	Medical University of South Carolina & Ralph H. Johnson VA Medical Center
11	Medical University of South Carolina (Hollings Cancer Center & Storm Eye Institute)
11	Medical University of South Carolina , Department of Otolaryngology- Head & Neck Surgery
11	Medical University of South Carolina Children's Hospital, 169 Ashley Avenue
11	Medical University of South Carolina Department of Marine Biomedical & Environmental Sciences
11	Medical University of South Carolina, Critical Care & Emergency Services -Trauma Education
11	Medical University of South Carolina, Department of Neuroscience, Div. of Neurology
11	Medical University of South Carolina, Department of Outcomes Management Research & Development
11	Medical University of South Carolina-SCTR Research Nexus Research Coordination & Management
11	Medical University of Warsaw, Faculty of Pharmacy, Department of Pharmaceutical Chemistry
11	Medical University Vienna, Department of biomedical imaging and image-guided therapy
11	Medical Ventures Inc. distributor of DePuy-Synthes, a Johnson & Johnson Company
11	Medical Waste Services, LLC (SC, NC, GA, TN, VA, MS & LA)
11	Medical, dental, prescription plan, k benefits, tuition reimbursement, bonus eligibility & more.
11	Medical-Legal Clinical Program at Florida International University College of Law
11	Medical/Dental Humanitarian Aid Expeditions Quito, Ecuador College of Southern Idaho
11	Medical/Surgical & Respiratory Care Unit, Health Alliance of the Hudson Valley
11	Medical/Surgical Unit for Infants, Children, Adolescents & Young Adults, Riley Hospital
11	Medical/Surgical Unit, Behavior Health Unit, Surgical, Emergency Room, Ambulance Services
11	Medical/Surgical: Adult Health I & II - Saints Mary & Elizabeth Medical Center
11	Medically Correct, Canyon Cultivation, Apothecanna, Julie's Baked Goods, 710 Labs
11	MedicalServ Serviços em Assistencia Tecnica-Empresa do Grupo Sul Imagem
11	Medicalsoft Com. Import. E export. de Material Cirúrgico Ltda EPP
11	Medicalsystem Comércio e Serviço de Equipamentos Médicos Ltda
11	MEDICALTEC INDÚSTRIA E COMÉRCIO DE EQUIP. MÉDICOS LTDA
11	Medicaltec Indústria e Comércio de Equipamentos Médicos Ltda
11	Medicamentos del Bajío y Occidente S.A. de C.V.
11	MEDICARE SUPPLY/PEDIATRIC Homecare-DME & HOME HEALTH (FKA: Respiratory & Convalescent Corporation)
11	Medication Therapy Management Communication & Call Center at the University of Florida
11	Medicavet Tarım Hayvancılık İlaç ve Kimya San Tic
11	Medicea srl di tognetti GL e GeG srl di Galiano R..
11	MediceaCom s.r.l. - business partner Welcome Italia S.p.A.
11	Medicinal Chemistry / Rockford Campus / Hanakahi Lab, University of Illinois at Chicago
11	Medición y Tecnología Industrial S.A. de C.V.
11	MediClin GmbH & Co. KG Zweigniederlassung Bayreuth Reha-Zentrum Roter Hügel
11	MediClin GmbH & Co.KG Zweigniederlassung Königsfeld MediClin Alb.Schweitzer Klinik
11	Medicon - Solução Contábil e Tributária Para Médicos
11	MEDICONE PROJETOS E SOLUÇÕES PARA INDUSTRIA E A SAUDE LTDA
11	Mediedia Health (formerly Phoenix Marketing Group, a subsidiary of Express Scripts)
11	MedifieldAbout Medifield A well established & Fast growing pharmaceutical organization offers exce
11	MEDİKALYEDİTEPE TIBBİ CİHAZLAR ELEKTRONİK SAN.TİC.
11	MedikoDental Tıbbı Cerrahi ve Dişçilik Malz.Tic LTD Şti.
11	Medill News Services/KTVQ, Billings, MT & WHO-AM, Des Moines, IA
11	MEDIMAX Wächtersbach K & R Electro-Handels GmbH im Globus Handelshof
11	Medios Producción de Comunicación S.A. de C.V.
11	Medios Riojanos de Comunicación S.L (Onda Cero Rioja Baja)
11	Mediplus Sağlık Hizm. San. Tic. LTD Şti. Özel Me
11	Meditation & Psychotherapy, Trauma, Dissociation & PTSD Research Groups at Palo Alto University
11	Mediteks Sağlık Hizmetleri Tıbbi Malzemeleri Tekstil Ürünleri
11	Mediterrane Spezialitäten in d er Markthalle Kassel, Sigrid D örnte
11	Medizinische Fakultät der MLU Halle-Wittenberg Referat 3.7 - Personal
11	Medizinisches Labor Oldenburg M.V.Z Dr. Müller u. Kollegen
11	Medley Indústria Farmacêutica S/A, a Sanofi-Aventis company
11	Mednax National Medical Group Pediatrix Medical Group / St. Luke's Hospital
11	Mednax National Medical Group Pediatrix Medical Group / Sunrise Children's Hospital
11	MEDRANO INGENIERÍA Y DISEÑO S.A. DE C.V.
11	MedSeg Assessoria em Medicina e Engenharia de Segurança do Trabalho
11	MEDSTAR Health - Georgetown University Hospital US - DC, Washington 04/15/09
11	MEDSTAR Health - Washington Hospital Center US - DC, Washington 04/15/09
11	Medtools Importadora e Distribuidora de Produtos Médicos e Hospitalares Ltda
11	Medtronic Minimed Inc. (contract opportunity) product delivered to FDA for approval.
11	Microsoft ('a-dash' contractor through Volt Technical Services & Excell Data Services)
11	Microsoft (after July moved to AOL due to AOL/Microsoft partnership)
11	Microsoft (Yammer - Office division) EMEA GBB Technical Solutions Professional Yammer & Office
11	Microsoft - Near Technologies - Advanced Technological Knowledge - SAS(Servicio Andaluz de Salud)
11	Microsoft Corporation - Microsoft IT, Corporate Finance, HR, Legal & IT Business Units
11	Microsoft Corporation - Small & Midmarket Solutions & Partners (SMS&P), Worldwide SMB Team
11	Microsoft Corporation / Visicom Design Group & UIEVolution, Nintendo, WDS Global (T-Mobile)
11	Microsoft Corporation, Live Engagement Team — in development at Carnegie Mellon University
11	Microsoft Corporation, via Volt Services;Windows Media Player Platform Network Team
11	Microsoft de México S. de R.l. de C.V.
11	Microsoft Innovation Center Nuevo León - Gob. del Estado N.L.
11	Microsoft Middle East & Africa, Unlimited Potential Group (UPG) - MEA HQ Team
11	Microsoft Mobile Devices & Services (Kestone Integrated Marketing Services Pvt. LTD Payroll)
11	Microsoft Network (MSN News) / MSNBC Interactive (Assignment by Volt Computer Services)
11	Microsoft Partner, Queue Associates - 5 St John Lane, Farringdon, EC1M 4BH
11	Microsoft Research - University of Trento Centre for Computational and Systems Biology
11	Microsoft Research Asia (Beijing, China) – University Projects & In-house Research Promotion
11	Microsoft Sales Desk, Americas Hub – Enterprise & Partner Group (EPG) (via contract)
11	Microsoft Visual Basic.Net VB.NET Tata Computer Services Limited, India
11	Microsoft, XBox 360, El Corte Ingles, Movistar, Loteria Cruz Roja, etc...
11	Microsoft: Xbox Live Video Marketplace (via Run Studios/Comforce/Green Infosystems)
11	Médecins du Monde / Medicos por el Derecho a la Salud
11	Médecins du Monde Belgique - Dokters van de Wereld Belgïe
11	Médecins Sans Frontières / Artsen Zonder Grenzen / Doctors Without Borders
11	Médecins Sans Frontières/Doctors Without Borders (MSF) UK & Ireland
11	Média & Mídia - Avaliação e Produção de Projetos
11	Média Tensão e Infraestrutura Elétrica para Indústrias.
11	Médica Associada a Disciplina de Geriatria e Gerontologia da UNIFESP
11	Médica Care de México S.A. de C.V.
11	Médica Sur, S. A. B. de C. V. y Subsidiarias
11	Médica Sur. Clínica de Trastornos de la Alimentación
11	médicas - perito médico do INSS de 1990 a 2011
11	Médicos Sin Fronteras - América del Sur de habla hispana
11	O.R.A.L. Organismo Autónomo de Gestión Tributaria.
11	Ora Apps Solution (P) LTD hiring for Oraapps Solutions Pvt LTD
11	ORA Società Cooperativa Sociale - PrivatAssistenza Bologna e Funo di Argelato (BO)
11	Ora TV - Larry King Now, Off The Grid with Jesse Ventura
11	Oracle Direct Marketing Division - EMEA: pre-sales, coaching, training, team management
11	Oracle Experte (m/w) nach Bonn gesucht - EBL Business Services GmbH
11	Oracle Financial Services Software Limited (formerly called i-flex Solutions Limited)
11	Oracle Financial Services Software Limited was formerly i-flex solutions limited
11	Oracle Financial Services Software LTD (formerly i-flex Solutions, Citicorp CITIL)
11	Oracle Financial Services Software LTD (formerly known as iflex solutions LTD)
11	Oracle Financial Services Software LTD (Previously I-Flex Solutions LTD), Goregaon
11	Oracle Financial Software Services (formerly known as i-flex solutions LTD
11	Oracle India, Motorola India, HP-India, L&T InfoTech, ITC InfoTech
11	ORACLE SCM ADVANCE PRICING & OM OPENING WITH CMM LEVEL 5 COMPANY
11	Oracle Solution Services India Pvt. LTD (A division of Oracle Corporation)
11	Oracle, Kalyani Magnum, Bangalore, India, as a contractor for Ethiraj Associates
11	Orah North County Hadassah, Meyer Jewish Academy, Jewish Federation & political candidates
11	Oral & Maxillofacial Surgery Assistant Fundación Hospital Ortopédico Infantil, - Caracas
11	Oral & Maxillofacial Surgery Center Larry Van Ameyde D.D.S, PC
11	Oral & Maxillofacial Surgery of Chicago;f/k/a Dr. Morof & Associates
11	Oral & Maxillofacial Surgery, Hugh Marchmont-Robinson D.D.S. S.C.
11	ORAL & MAXILLOFACIAL SURGERY-DR. EDWARD M. D'ERAMO, D.M.D.
11	Oral & Maxofacial Surgery Center of the University of California San Francisco
11	Oral & Pharyngeal Cancer Branch, National Institute of Dental & Craniofacial Research, NIH
11	Oral Biotechnology Laboratory (OBL), DNA Seqeuncing Service (DSS), University of Cagliari
11	Oral Biotechnology Laboratory (OBL), DNA Sequencing Service (DSS), University of Cagliari
11	ORAL CAM VE DOĞRAMA SAN TİC.LTD.ŞTİ (Özel)
11	ORAL FACIAL SURGEONS OF OHIO INC DRS R SCHEETZ J ELLIS
11	Oral History Program, Center for Southwest Research, University of New Mexico
11	Oral Presentation at South Carolina Athletic Trainers' Association Annual Meeting & Symposium
11	Oral Prótese Escola Técnica em Prótese Dentária
11	Oral Surgery Specialists of Northern Michigan-Dr. Michael J. Cusatis DDS
11	ORALLAR DERİ VE DERİ MAMÜLLERİ SAN. TİC. A.Ş. (Özel)
11	ORAM Plomberie du bâtiment (autrefois division d'installation de Baliscus)
11	Oran W. Nicks Low Speed Wind Tunnel - Texas A&M University
11	Oran W. Nicks Low Speed Wind Tunnel at Texas A&M
11	Orane Ortec manutenzioni industriali presso stabilimento "Solvay" a Rosignano Solvay (Livorno)
11	ORANGE (France Telecom) a través de Qualytel Teleservices S.A.
11	ORANGE BUSINESS SERVICES U.S. INC. (formerly Equant Integration Services INC.)
11	Orange Caregiver Resource Center- A program of St. Jude Medical Center
11	Orange Corporate Solutions hiring for Branch manager - Mortgages for HDB Finance.
11	Orange Corporate Solutions hiring for Leading Research Based company in Securities
11	Orange Corporate Solutions hiring for Training & Education Institute located in Chandigarh
11	Orange County Board of Supervisors, Chairman of the Board Shawn Nelson
11	Orange County Department of Public Works Division of Environmental Facilities & Services
11	Orange County Department of Social Services/Virginia Juvenile Department of Justice
11	Orange County Department on Aging - Retired & Senior Volunteer Program (RSVP) Division
11	Orange County District Attorney's Office - Consumer Affairs/Environmental Protection Unit
11	Orange County District Attorney's Office - H.E.A.T. Unit
11	Orange County Healthcare Agency - Children's Youth Services Centralized Assessment Team
11	Orange County Healthcare Agency- Alcohol & other Drug Education & Prevention Team (ADEPT)
11	Orange County Office of the County Counsel; Writs & Appeals, Child Protection
11	Orange County Performing Arts Center (now Segerstrom Center for the Arts)
11	Orange County Rescue Mission, Village of Hope, Hurtt Family Health Clinic
11	Orange County Society for the Prevention of Cruelty to Animals (OCSPCA)
11	Orange County Transitional Age Youth Full Services/Wraparound Program - STAY Process
11	Orange County Wholesale Electric Inc. (Now Known as OneSource Distributors, LLC)
11	Orange Côte d'Ivoire (An Ivory Coast Mobile Network Company)
11	Orange France Télécom - Research and Development, Barcelona, España
11	Orange Lake Country Club, Hankins Group, Marriott Vacatuion Club, Morritt Properties
11	Orange Mill BV, Partner van BNP Paribas en I-Pension Solutions
11	ORANGE MOOSE PAINTS INCORPORATED D B A LOST MOUNTAIN PAINT SUPPLY
11	Orange Pearl Innovation Group (BioClin / Cuckoo Company / SaveWave / PerlaTech and more)
11	Orange Regional Juvenile Detention Center & Ninth Judicial Circuit Court of Florida
11	Orange Schade en Orange Motors www.orangeschade.nl www.orangemotors.nl
11	Orange Schools,Cleveland Heights-University Heights Schools, East Cleveland City Schools
11	ORANGEBIT s.c.r.l. - Software Metro Style per Touch-screen.
11	Orangeburg School District Three-Vance Providence School of the Arts & Technology
11	Orangee Srl - una società Selex ES S.p.A. Gruppo FINMECCANICA
11	Orangefield Trust (Netherlands) B.V. (formerly ING Management (Nederland) B.V.)
11	Orangefield Trust (Netherlands) BV formerly known as ING Trust (Netherlands) BV
11	ORANYUM SPOR HİZMETLERİ İTH.İHR.TİC.LTD.ŞTİ. (Özel)
11	Oratorio di Sarnico, associazione Laboratorio Famiglie Solidali, Cooperativa sociale “il Cantiere”
11	ORAU - Environmental Sciences Division (ESD) of Oak Ridge National Laboratory (ORNL)
11	ORAY ETİKET ÜRN.MAT.SAN.TİC.LTD.ŞTİ. (Özel)
11	Qua.vi.e - Qualidade de vida e eventos (Unidade KSR-Votorantim)
11	Quaboag Rehab, Lutheran Rehab, Presentation Rehab, Laurel Ridge Rehab, Clay & Associates
11	Quad Cities River Bandits (Formerly the Swing of the Quad Cities)
11	Quad City Sports Center Family Ties Production Quad City Sports Center
11	Quad Graphics Indústria Gráfica/ Plural Indústria Gráfica
11	Quad-Axle Dump Truck Driver Eau Claire County Highway Department - Altoona
11	QUAD/GRAPHICS MEXICO (Adquisición de World Color y Transcontinental Mexico)
11	Quadra Media, LLC - publisher of Inked Magazine, Inked Girls, Freshly Inked
11	Quadrangle - CRM hiring for Client of Quadrangle In Wines & Spirits Industry
11	Quadrant Comércio e Representação, Importação e Exportação
11	Quadrant Sofware Systems hiring for Quadrant Software Systems India (P) LTD
11	Quadrante Minas Serviços de Recebimento de Indenizações de Seguros
11	Quadrivio Capital SGR S.p.A. (ex Fondamenta SGR p.A.)
11	Quail Creek Apartments: Chastain Properties/ Godby Properties,Bellkor Management, OHI Properties
11	QUAIL LODGE GOLF CLUB (SISTER PROPERTY OF THE PENINSULA HOTELS) Carmel
11	Quais de l'image et Naos publishing - Groupe 3 SUISSES INTERNATIONAL
11	Quaker Square Inn at the University of Akron 135 South Broadway
11	Quala México (Bon Ice). Multinational company: food and personal care
11	QualChoice of Virginia Health Plan Inc./Blue Ridge Health Alliance Inc.
11	Qualcomm Corporate Legal/Novitex Business Solutions formerly known as Pitney Bowes
11	Qualcomm from Calsoft Labs (India) Private LTD, An Alten Group company
11	Quali Serv Locação e Manutenção de Bombas para Concreto
11	qualibrisk hiring for A Large IT Services Company [ Client of Qualibrisk]
11	qualibrisk hiring for A Leading Automobile dealer Co' (client of Qualibrisk)
11	qualibrisk hiring for Client of Qualibrisk - One of the leading MNC
11	qualibrisk hiring for One of the leading MNC - Client of Qualibrisk
11	qualibrisk hiring for One of the Leading MNC in Bangalore / Chennai
11	qualibrisk hiring for One of the leading MNC in Gandhinagar , Gujrat
11	qualibrisk hiring for One of the lealding MNC based in Bangalore
11	QUALIBRÁS ASSISTÊNCIA TÉCNICA DIRIGIDA E COMÉRCIO LTDA
11	Qualidigm, a sub-contractor of New England Quality Innovation Network-QIO
11	Qualificação em eletricidade de montagem em instalações petrolíferas
11	Qualifio - associação da qualidade de fios e cabos elétricos
11	Qualiflex Ind. e Comércio de Equip. de Prtoteção Ltda
11	QuaLiFY (EU-FP7 project: genotype/phenotype info included in personalised Nutrition.
11	Qualijet Ind. e Com. de Equip. e Mat. Gráficos Ltda
11	Qualijet Ind. E Com. De Equipamentos e Materiais Gráficos LTDA
11	Qualis Assistência Médica em Saúde S/C Ltda
11	QualiService Do Brasil Comércio e Serviços Técnicos Ltda
11	Qualisol - Indústria e Comércio de Produtos Química Ltda.
11	Qualisys Hermosillo (TSI ARYL S. de R.L. de C.V.)
11	Qualita Motors S.A. de C.V. (Agencia de Autos BMW)
11	QUALITAS CIA. DE SEGUROS EL AGUILA CIA. DE SEGUROS, BANORTE SEGUROS
11	Qualitas Compañia de Seguros S. A. B. de C. V.
11	QUALITAS COMPAÑIA DE SEGUROS S.A. DE C.V. VICTORIA
11	Qualitas Compañia de Seguros S.A.B. de C.V.
11	QUALITAS COMPAÑIA DE SEGUROS, S.A.B DE C.V.
11	Qualitas Compañía de Seguros S. A. B de C. V.
11	Qualitas compañía de seguros S.A.B de C.V.
11	QUALITAS COMPAÑÍA DE SEGUROS, S.A.B. DE C.V
11	Qualitas, Cía de Seguros S A B de C V
11	Qualitech B.V (Peek Traffic B.V.'s earlier production site)
11	Qualitech Comércio e Serviços Técn. em Inf. Ltda
11	Qualitech Comércio e Serviços Técnicos em Inf Ltda
11	Qualitexto - Qualidade Técnica em Equipamentos para Escritório Ltda-ME.
11	QUALITY - IMPORTAÇàO E EXPORTAÇàO & SISTEMAS DE GESTàO INTEGRADOS
11	QUALITY - Unidade Paulista de Gestão em Obras e Qsms Ltda.
11	Quality Agricultural Services of the Government of Extremadura. Mérida. Badajoz
11	QUALITY AND FORKLIFT ORSA S. DE R.L DE C.V
11	Quality and Safety Committee of the Dutch Society of Anesthesiologists (NVA)
11	QUALITY ARTWORKS (novelty product manufacturer to trade bookstore & card & gift industries)
11	Quality Assurance committee Canadian Association of Gastroenterology on Colorectal Cancer screening
11	Quality Assurance Management Asia Ang Mo Kio (North-East), Tuas (West), ...
11	Quality Bath Renovations of New England dba. ReBath of New Hampshire
11	Quality Bio - Gerenciamento de Resíduos Ltda - Sábia Ecológico.
11	Quality Cabinets De Mexico S. De R.L. De C.V.
11	QUALITY CALL CARE SOLUTIONS INC., ASUBSIDIARY OF THE NEIMAN MARCUS GROUP
11	QUALITY CARE HOME HEALTH, LLC AND FAMILY HOME HEALTH SERVICES LLC
11	Quality Care Pharmaceuticals Inc. (a wholly owned subsidary of DocPlanet.com
11	Quality Certification Bureau Italia S.r.l. (Q.C.B. Italia)
11	Quality CGB - Soluções em Comunicação - Agencia de Comunicação
11	Quality Cleaners (Singapore) Pte LTD Central - Bukit Timah, East Coast, River ...
11	QUALITY COMMUNITIES PARTNERSHIP (QCP)/ Expanding Children's Caring About Others (ECCAO)
11	QUALITY CONTROL DIVISION OF A PHARMACEUTICALS DRUGS PRODUCTION PLANT AT DAMAN
11	Quality Controller Laboratorio de Control de Calidad para la Cosntrucción
11	Quality Drive Away - Transport New Buses/Semis, /Power Units to Purchaser
11	Quality Eng.e Sistemas de Automação Industrial Ltda (Rockwell Distributor)
11	Quality Engineer at SMS InfoComm Corporation (formerly Wistron InfoComm Texas Corporation)
11	Quality Health Services, a division of Mountain-Pacific Quality Health Foundation
11	QUALITY HEALTH SOLUTIONS INC. d/b/a/CRITICAL CARE SOLUTIONS LLC
11	Quality Indústria e Comércio de produtos para Limpeza Ltda
11	Quality Indústria e Comércio de Produtos para Limpeza LTDa.
11	Quality Inn Albany Airport/Comfort Inn Albany Airport/Comfort Glenmont NY
11	Quality Lab Laboratório e Comércio de Produtos Ópticos LTDA
11	QUALITY LINK, EL PRIMER PORTAL PARA LA CALIDAD EN MÉXICO
11	Quality Management Systems, Food Safety, Regulatory, Ladership, Decision Science & Operations LLC
11	Quality Point S.n.c. di Pensato S. e Milazzotto A.
11	Quality Property Maintenance, Holiday Inn, CH Services, Glendale Oil, Evergreen Refrigeration
11	Quality psicologos, APADIS, Down21, AFANIAS, TEA, Mi Cole, Chiquitin, Los Juncos
11	Quality Serviços de Engenharia - A serviço da Petrobras / Transpetro
11	Quality Serviços de Engenharia Ltda / Transpetro - Petrobras Transporte S.A
11	Quality Serviços de Engenharia Ltda/ Transpetro - Petrobras Transporte S.A
11	Quality Software / Queiroz Galvão Óleo e Gás S.A
11	Quality Software / Queiroz Galvão Óleo e Gás S.A.
11	Quality Software/Queiroz Galvão Óleo e Gás S.A.
11	QUALITY SOLUÇÕES PARA O CAMPO IMPORTAÇàO E EXPORTACAO LTDA
11	Quality Supervision Bureau of Standards & Metrology, Pudong New District, Shanghai, China
11	Quality Systems Inc. /Versyss Healthcare/Pharma/Medical Record/Medical Billing Deployments
11	Quality Taxi tillhör Taxi Jönköping och Taxi Kurrir
11	Quality Treinamento de informática, automação e línguas LTDA.
11	Quality Ups - Fertech Industrial de Mexico S de RL de CV
11	QualityCourses: Especialistas en Cursos de Idiomas y Experiencias en el extranjero
11	Qualityfour Technologies (prestação de serviço para o Bank Boston)
11	Qualityfrio Comércio e serviços de refrigeração ltda. me.
11	QualitätsmanagementAreva Business Group Reactors & Services (formerly Areva NP & Areva TA)
11	QualitätsmanagerAreva Business Group Reactors & Services (formerly Areva NP & Areva TA)
11	Qualitécnica: Manutenção e Vendas de Equipamentos Científicos LTDA
11	Qualixa International HR Solutions hiring for One of Our leading Client
11	Qualixa internationalAbout Qualixa international Qualixa International We're a professionally mana
11	Quallion, LLC: State-of-the-art lithium ion cells & battery packs
11	Quallit Serviços de Informática LTDA (Alocado na Fototica LTDA)
11	qualtia aliemntos operaciones comerciales s. de r.l. de c.v.
11	Qualtia Alimentos Operaciones Comerciales S de R L de C V
11	qualtia alimentos operaciones comerciales s. de r. l. de c.v
11	Qualtia Alimentos Operaciones Comerciales S. de R.L. de C.V.
11	Qualtia Alimentos Opraciones Comerciales S de R.L. de C.V.
11	Qualtia Alimentos y Operaciones S. de R.L. de C.V.
11	Qualy Comércio e Indústria de Alimentos para Animais Ltda.
11	Qualyfôrma Serviços Em Fôrmas S/C LTDA EPP
11	Qualysteel Indústria e Comércio de Produtos Siderúrgicos Ltda.
11	Quandrant Inc., Dr. Edward H. Stolar & Dr. Todd E. Perkins (Dermatology)
11	Quansi Enterprises LTD o/a Koryo Korean BBQ. DEERFOOT MALL BBQ
11	Quanta Agenzia per il Lavoro S.p.A. - Filiale di Lanciano
11	Quanta Centro de Produções Cinematográficas de São Paulo
11	Quanta per Ansaldo STS, Milano - cantiere Metropolitana Linea 5/Linea 4
11	Quantel LTD (Manufacturer of Editing & Effects Systems for Film & Broadcast TV)
11	Quantell Diseño y Comunicación S.A. de C.V.
11	Quantell Incorporated., U.S. Department of Health & Human Services, National Center
11	Quantico Area Counsel Office - U.S. Navy Office of General Counsel
11	Quantitative Cyto-Pharmacology Laboratory, University of Puerto Rico, Medical Sciences Campus
11	Quantitative Methods in Financial and Insurance Mathematics, Lorentz Center, Leiden, NL
11	QUANTITY SURVEYOR Guthrie FMC Pte. LTD HDB Tampines Stockpile Tampines Ave
11	Quanto Brasil Industria e Comercio de Pesos Padrão LTDA-ME
11	QUANTOR TECNOLOGIA DE INFORMAÇàO COMÉRCIO E SERVIÇOS LTDA.
11	Quantra Petróleo S/A & Aurizônia Petróleo S/A.
11	Quantronix BPO Pvt. LTD hiring for A Large Construction / Cement Industry
11	Quantum dental S.L (Distribuidor de material quirúrgico odontológico):
11	Quantum Desarrollo de Activos S. de R.L. de C.V.
11	QUANTUM ELEVADORES Y MONTACARGAS DE MEXICO, S.A. DE C.V.
11	Quantum Health - Products for natural shoppers in health, food & drug stores
11	Quantum Indústria e Comércio de Equipamentos Eletrônicos Ltda
11	Quantum Institute International for Holistic Health & Quantum School of Holistic Health
11	Quantum Management Services LTD, Perspective Travail, Manpower, Ecco, Ad Hoc, Etc.
11	Quantum Optics and Quantum Information, Faculteit Wis- en Natuurkunde, Universiteit Leiden
11	Quantum Research International - U.S. Army Training Brain Operations Center (TBOC)
11	Quantum Simulation of Biological Processes Group - Parc Científic de Barcelona
11	Quantum Simulation of Biological Processes Group, Parc Científic de Barcelona
11	Quantum V/Consorcio Vinícola Internacional/Palm Bay de México
11	Quantum/G&A Joint Venture-Receivership Assistance Contractor for the FDIC
11	Quanzhou Luojiang District 000 arranged by the real estate agent Suppliers
11	QUAPA laboratório de paisagismo da Universidade de São Paulo
11	Quarella S.p.A. - Rover Stone Color & Design S.r.l.
11	Quark Capital S.A. de C.V. SOFOM E.N.R.
11	Quartel General do Exército QGEx - Diretoria de Saúde – DSAU
11	Quartier général de la réserve navale du Canada
11	Quarto Batalhão de Polícia de Choque - "Operações Especiais
11	Quarto Esquadrão do Primeiro Grupo de Comunicações e Controle
11	Quarto Prático Indústria e Comércio de Móveis
11	Quartz Comércio e Serviços Profissionais - International Papel do Brasil
11	QUARTZ REVEST INDÚSTRIA E COMÉRCIO DE REJUNTOS LTDA - EPP
11	Quartz – Comércio e Serviços de Equipamentos Industriais LTDA EPP
11	QUARTZO MÓVEIS E DECORAÇÕES - I F PLANEJADOS CAMPO GRANDE
11	Quasar Italia S.r.l. e Cabel Industry S.p.A.
11	QuaTi - Qualidade em Tecnologia da Informação e Mídia Digital
11	Quatro A Telemarketing & Centrais de Atendimento S/A (Atento do Brasil)
11	Quattor Petroquimica SA ( Ex Suzano Petroquímica S/A) Atual BRASKEN
11	Quattrefoil Indústria e Comércio de Artefatos de Couro Ltda
11	QUATTRO IMAGEN Y COMUNICACIÓN CREATIVA S,A. DE C,V.
11	Quebec school board; Montreal, Pointe de l'île, Marie-victorin, Laval
11	Quebecor World Inc. (The global leader in providing printed products & services)
11	QUECHAN TRIBE OF THE FORT YUMA INDIAN RESERVATION CALIFORNIA AND ARIZONA
11	Quechua (among the 10 World brands of outdoor products), Oxylane Group
11	Queen Ann's Lace Holdings LLC dba Whitney Oaks Care Center
11	Queen Anne's County Public School's, Kent Island Elementary School
11	Queen City Sports & Entertainment Group (Operating as Regina Pats Hockey Club)
11	Queen Club (snai slot videolottery VLT scommesse e giochi on line)
11	Queen of the Valley Medical Center - ID 6380-D01 Obstetrics Acute
11	Queen of the Valley Medical Center - ID 7400-D01 Labor&Delivery
11	Queen's University, Cancer Research Institute, Division of Cancer Biology & Genetics
11	Queen's University, Cancer Research Institute, Division of Cancer Care & Epidemiology
11	Queens College The City University of New York (Comp Science Dept.)
11	Queens College, City University of New York (C.U.N.Y.)
11	Queretaro Technical Center. Arneses Electricos Automotrices S.A de C.V
11	Quero Mais FLV (Empresa Processadora e Distribuidora de Hortifrúti Granjeiros)
11	QUESOS FINOS SANTA CLARA DE NAMIQUIPA, S.A. DE C.V.
11	Quickstart Resource Management India Pvt. LTD hiring for E - learning company
11	QUIMACOVA - Asociación de Empresas Químicas de la Comunidad Valenciana
11	Quimica del Rey, S.A. de C.V. - Grupo Peñoles
11	QUIMICOS Y PAPELES COMERCIAL RIO BRAVO S.A DE C.V
11	Quimilaus Indústria e Comércio de Produtos Químicos Ltda.
11	Quimitel Indústria e Comércio de Produtos Químicos Ltda
11	Quincy Physicians & Surgeons Clinic, SC D/B/A Quincy Medical Group
11	Quinn - Consorzio Universitario in Ingegneria per la Qualità e l'Innovazione
11	QUINN Consorzio Universitario in Ingegneria per la Qualità e l'Innovazione
11	Quinta do Marketing e Espaço RP - Edição 2011/2012
11	Quinto Oficial de Registro de Imóveis de São Paulo
11	Quiral- Soluções Analíticas e Diagnóstico Ambiental S.A.
11	Qurales Kelly (Temp. Services) - ALSAC/St. Jude Children's Research Hospital
11	Quálitas Compañía de Seguros, S.A.. de C.V.
11	Quálitas Cía. De Seguros, S.A. De C.V.
11	Quántica - "Comercializadora y Proveedora de Bienes y Servicios de Morelos
11	Québec en forme Rivière-du-Nord / Nord de Mirabel
11	Québec Laboratoire de sciences judiciaries et de medicine légale
11	Química Central de México, S. A. de C. V.
11	Química da Bahia Indústria e Comércio S.A
11	QUÍMICA GERAL DO NORDESTE S.A. A CHURCH & DWIGHT COMPANY
11	Química Geral do Nordeste S/A (Church & Dwight Co.Inc.)
11	Química Geral do Nordeste S/A - Church & Dwight, Co., Inc.
11	Química Hoechst de México S.A. de C.V.
11	Química Hoechst de México, S. A. de C. V.
11	Química Industrial y Analítica s.a. de c.v.
11	Química Treza del Bajío, S.A. de C.V.
11	Químicos y Solventes de Morelos S.A. de C.V.
11	Raytheon Company (bought Texas Instruments' Defense Systems & Electronics Group in 1996)
11	Raytheon Company Waltham, MA (via CSC & CCops) March, 2010 to Present
11	Raytheon Company, Network Centric Systems, Combat Systems, Soldier Weapon & Sensor Systems
11	Raytheon Engineers & Constructors (Absorbed by Washington Group International in July 2000)
11	Raytheon Engineers & Constructors - Public Services Electrical &Gas, Hope Creek Nuclear Plant
11	Raytheon Systems Limited, UK Elizabeth Way Harlow, Essex UK, CM19 5BB
11	Raytheon Technical Services Guam (private contractor under the US Naval Base)
11	Raytheon-DISA MNIS DTO (Multinational Info System-Design Transition & Order) Program
11	Service & Communication S.r.l. S.S. 158 Piedimonte Matese (CE)
11	Service & Communication S.r.l. S.S. 158 Piedimonte Matese (CE)
11	Service & Demand Management at UBI Sistemi e Servizi (Gruppo UBI Banca)
11	Service & Demand Management at UBI Sistemi e Servizi (Gruppo UBI Banca)
11	Service Bank Serviços Tecnológicos e Repares. Com S/A.
11	Service Bank Serviços Tecnológicos e Repares. Com S/A.
11	Service Bank Serviços Tecnológicos Representações Comerciais S/A
11	Service Bank Serviços Tecnológicos Representações Comerciais S/A
11	service company for a position fully dedicated to a security vendor
11	service company for a position fully dedicated to a security vendor
11	SERVICE DE ALTA DIR Y SEG PRIV EMPRESARIAL SA DE CV
11	SERVICE DE ALTA DIR Y SEG PRIV EMPRESARIAL SA DE CV
11	SERVICE DE ALTA DIRECCION Y SEG PRIVADA EMP SA DE CV
11	SERVICE DE ALTA DIRECCION Y SEG PRIVADA EMP SA DE CV
11	Service de Bacteriologie-Virologie-Hygiene, INSERM U914, CHU DE BICETRE, Parigi
11	Service de Bacteriologie-Virologie-Hygiene, INSERM U914, CHU DE BICETRE, Parigi
11	Service de Chirurgie Maxillo-faciale e Chirurgie plastique de la Facie
11	Service de Chirurgie Maxillo-faciale e Chirurgie plastique de la Facie
11	Service de Maladies Cérébro-Vasculaires CHRU Université Lille 2
11	Service de Maladies Cérébro-Vasculaires CHRU Université Lille 2
11	Service de Psychiatrie pour Enfants et Adolescentes, Secteur Psychiatrie Nord Vaudoise
11	Service de Psychiatrie pour Enfants et Adolescentes, Secteur Psychiatrie Nord Vaudoise
11	Service des Relations Internationales - Université Catholique de Lyon & ESDES Business School
11	Service des Relations Internationales - Université Catholique de Lyon & ESDES Business School
11	Service Départamental d'Incendie et de Secours du Nord (France)
11	Service Départamental d'Incendie et de Secours du Nord (France)
11	Service Départemental d'Incendie et de Secours de l'Aude
11	Service Départemental d'Incendie et de Secours de l'Aude
11	Service Départemental d'Incendie et de Secours des Alpes-Maritimes
11	Service Départemental d'Incendie et de Secours des Alpes-Maritimes
11	Service Départemental d'Incendies et de Secours des Alpes-Maritimes
11	Service Départemental d'Incendies et de Secours des Alpes-Maritimes
11	SERVICE FIRST LLC A FLORIDA LIMITED LIABILITY COMPANY DBA COMMERCIAL SER
11	SERVICE FIRST LLC A FLORIDA LIMITED LIABILITY COMPANY DBA COMMERCIAL SER
11	Service for International Cooperation at the Central Criminal Directorate in Rome
11	Service for International Cooperation at the Central Criminal Directorate in Rome
11	Service Lines S.r.l. - Agenzia nazionale a tutela dei crediti
11	Service Lines S.r.l. - Agenzia nazionale a tutela dei crediti
11	Service of Institutional Relations and Protocol - University Carlos III of Madrid –
11	Service of Institutional Relations and Protocol - University Carlos III of Madrid –
11	SERVICE OF THE EMERGENCY AID RESOURCE CENTER FOR THE HOMELESS, INC.
11	SERVICE OF THE EMERGENCY AID RESOURCE CENTER FOR THE HOMELESS, INC.
11	Service One Automação e Manutenção em Ar Condicionado Ltda.
11	Service One Automação e Manutenção em Ar Condicionado Ltda.
11	Service One Manutenção e Automação em Ar Condicionado Ltda
11	Service One Manutenção e Automação em Ar Condicionado Ltda
11	Service One Manutenção e Automação em Ar Condicionado Ltda.
11	Service One Manutenção e Automação em Ar Condicionado Ltda.
11	Service One – Manutenções e Automações em Ar Condicionado Ltda
11	Service One – Manutenções e Automações em Ar Condicionado Ltda
11	Service privato di troupe televisiva (servizi televisivi per RAI, MEDIASET, SKY)
11	Service privato di troupe televisiva (servizi televisivi per RAI, MEDIASET, SKY)
11	Service Pro fire an water mitigation restoration 24/7 emergency Services
11	Service Pro fire an water mitigation restoration 24/7 emergency Services
11	SERVICE PROF. DE IMP. DIGIT. Y COPIADO CDI SA DE CV
11	SERVICE PROF. DE IMP. DIGIT. Y COPIADO CDI SA DE CV
11	Service Terc. De Service Adm De Limp Jardinagem E Portaria LTDa
11	Service Terc. De Service Adm De Limp Jardinagem E Portaria LTDa
11	ServiceAreva Business Group Reactors & Services (formerly Areva NP & Areva TA)Organisation
11	ServiceAreva Business Group Reactors & Services (formerly Areva NP & Areva TA)Organisation
11	ServiceBuild Construction & Electrical Pte. LTD East - Nearest MRT : Eunos (Kaki Bukit ...
11	ServiceBuild Construction & Electrical Pte. LTD East - Nearest MRT : Eunos (Kaki Bukit ...
11	SERVICELASER COMÉRCIO E SERVIÇOS DE INFO LTDA M.E
11	SERVICELASER COMÉRCIO E SERVIÇOS DE INFO LTDA M.E
11	ServiceLink a Black Knight Company fka Lender Processing Services Inc. (LPS)
11	ServiceLink a Black Knight Company fka Lender Processing Services Inc. (LPS)
11	ServiceLink, A Black Knight Company, fka Lender Processing Services Inc. (LPS)
11	ServiceLink, A Black Knight Company, fka Lender Processing Services Inc. (LPS)
11	ServiceLink, A Black Knight Financial Services Company - Formerly Lender Processing Services
11	ServiceLink, A Black Knight Financial Services Company - Formerly Lender Processing Services
11	Serviceplan - Gruppe für innovative Kommunikation GmbH & Co. KG, Uni-Projekt
11	Serviceplan - Gruppe für innovative Kommunikation GmbH & Co. KG, Uni-Projekt
11	Servicepunt 71 (werkzaam voor de gemeenten Leiden, Leiderdorp, Oegstgeest en Zoeterwoude)
11	Servicepunt 71 (werkzaam voor de gemeenten Leiden, Leiderdorp, Oegstgeest en Zoeterwoude)
11	Services & Activities Fee Board (S&A) of South Seattle Community College
11	Services & Activities Fee Board (S&A) of South Seattle Community College
11	Services & LEADERSHIP The Church of Jesus Christ of Latter-day Saints
11	Services & LEADERSHIP The Church of Jesus Christ of Latter-day Saints
11	Services & maintenance at the Baker Hughes yard in San Antonio Tx
11	Services & maintenance at the Baker Hughes yard in San Antonio Tx
11	Services (India) Private Limited formerly known as Dalkia India Private Limited
11	Services (India) Private Limited formerly known as Dalkia India Private Limited
11	Services Agent Check In & Gate Aerogate München GmbH, München
11	Services Agent Check In & Gate Aerogate München GmbH, München
11	Services Alimentaire Montchâteau pour l'Aéroport de Québec
11	Services Alimentaire Montchâteau pour l'Aéroport de Québec
11	Services Alliance Inc. d/b/a Servpro of Oakdale/N BayShore
11	Services Alliance Inc. d/b/a Servpro of Oakdale/N BayShore
11	Services Battery, 1-7 Field Artillery, 1st Infantry Division, US Army
11	Services Battery, 1-7 Field Artillery, 1st Infantry Division, US Army
11	Services Battery, 3/18 FA Battalion, 17th FA Brigade, III Corps
11	Services Battery, 3/18 FA Battalion, 17th FA Brigade, III Corps
11	Services Canadien des forêts _ Center de Foresterie des Laurentides
11	Services Canadien des forêts _ Center de Foresterie des Laurentides
11	Services Consortium of agri-environmental regions Baix Ebre and Montsià (CODE)
11	Services Consortium of agri-environmental regions Baix Ebre and Montsià (CODE)
11	Services Culturel Mairie de Vaulx-en-Velin, Festival A Vaulx Jazz
11	Services Culturel Mairie de Vaulx-en-Velin, Festival A Vaulx Jazz
11	services d entretien menager et nettoyage apres construction 514-506-3994
11	services d entretien menager et nettoyage apres construction 514-506-3994
11	Services d'Accompagnement médico-social pour adultes handicapés psychiques
11	Services d'Accompagnement médico-social pour adultes handicapés psychiques
11	Services d'Accompagnement Médico-Sociale pour Adultes Handicapés SAMVABIEN
11	Services d'Accompagnement Médico-Sociale pour Adultes Handicapés SAMVABIEN
11	SERVICES D'ACTION BÉNÉVOLE AU COEUR DU JARDIN INC.
11	SERVICES D'ACTION BÉNÉVOLE AU COEUR DU JARDIN INC.
11	Services d'Aide aux Survivantes d'Agression Sexuelle de SDG & A
11	Services d'Aide aux Survivantes d'Agression Sexuelle de SDG & A
11	SERVICES D'AIDE ET DE LIAISON POUR IMMIGRANTS LA MAISONNÉE
11	SERVICES D'AIDE ET DE LIAISON POUR IMMIGRANTS LA MAISONNÉE
11	Services d'aide à la Famille d'Edmundston/Grand-Sault Inc. 1999
11	Services d'aide à la Famille d'Edmundston/Grand-Sault Inc. 1999
11	Services d'aide à  la Famille d'Edmundston/Grand-Sault Inc. 1999
11	Services d'aide à  la Famille d'Edmundston/Grand-Sault Inc. 1999
11	Services d'archives et e gestion de documents de l'UQAM
11	Services d'archives et e gestion de documents de l'UQAM
11	SERVICES D'ENCADREMENT POUR DIRECTEUR COMMERCIAL (S.E.D.C.) INC.
11	SERVICES D'ENCADREMENT POUR DIRECTEUR COMMERCIAL (S.E.D.C.) INC.
11	SERVICES D'ENTRETIEN D'EDIFICES PUBLICS ET COMMERCIAUX DRUMMOND LTÉE
11	SERVICES D'ENTRETIEN D'EDIFICES PUBLICS ET COMMERCIAUX DRUMMOND LTÉE
11	Services d'entretien ménager régulier et grand ménage
11	Services d'entretien ménager régulier et grand ménage
11	SERVICES D'ENTRETIEN MÉNAGER SYLVAIN PETIT ET SOPHIE LEVAC INC.
11	SERVICES D'ENTRETIEN MÉNAGER SYLVAIN PETIT ET SOPHIE LEVAC INC.
11	Services d'Explorations Fonctionnelles, Médecine du Sport, CHU Angers, France
11	Services d'Explorations Fonctionnelles, Médecine du Sport, CHU Angers, France
11	Services d'Incendie et de Secours des Bouches de Rhône
11	Services d'Incendie et de Secours des Bouches de Rhône
11	Services d'informations et de relations publiques des armées (SIRPA)
11	Services d'informations et de relations publiques des armées (SIRPA)
11	Services d'Installation et réparation des systèmes du son
11	Services d'Installation et réparation des systèmes du son
11	Services d'intégration pour les immigrants de Québec Inc.
11	Services d'intégration pour les immigrants de Québec Inc.
11	Services de citoyenneté et d'immigration des États-Unis (USCIS- DHS)
11	Services de citoyenneté et d'immigration des États-Unis (USCIS- DHS)
11	Services de développement économique de la Ville de Québec
11	Services de développement économique de la Ville de Québec
11	Services de forage Orbit Garant Inc. on Orbit Garant drilling services
11	Services de forage Orbit Garant Inc. on Orbit Garant drilling services
11	Services de formation aux entreprises, cégep du Vieux-Montréal
11	Services de formation aux entreprises, cégep du Vieux-Montréal
11	Services de garde de l'école Enfants-du-Monde (école primaire)
11	Services de garde de l'école Enfants-du-Monde (école primaire)
11	SERVICES DE GARDE POUR PERSONNE EN PERTE D AUTONOMIE (TYPE HALZHEIMER)
11	SERVICES DE GARDE POUR PERSONNE EN PERTE D AUTONOMIE (TYPE HALZHEIMER)
11	Services de notaires, d'avocat et de comptable Poulin et Desroches
11	Services de notaires, d'avocat et de comptable Poulin et Desroches
11	SERVICES DE PROMOTION DE LA SANTE A L'ECOLE HAINAUT PICARDIE
11	SERVICES DE PROMOTION DE LA SANTE A L'ECOLE HAINAUT PICARDIE
11	Services de Remorquage Direct Inc. division Transport d'auto Élégance
11	Services de Remorquage Direct Inc. division Transport d'auto Élégance
11	Services de rédaction et de révision professionnelles Anika Boucher
11	Services de rédaction et de révision professionnelles Anika Boucher
11	Services de Réparation Club International Vidéo Film CIVF Inc.
11	Services de Réparation Club International Vidéo Film CIVF Inc.
11	Services de répit Emergo - autisme et autres T.E.D.
11	Services de répit Emergo - autisme et autres T.E.D.
11	SERVICES DE RÉPIT EMERGO-AUSTIME ET T.E.D. INC.
11	SERVICES DE RÉPIT EMERGO-AUSTIME ET T.E.D. INC.
11	Services des communications de l'Université du Québec à Montréal
11	Services des communications de l'Université du Québec à Montréal
11	Services des partenariats et du soutien à l'innovation (SePSI) - UQÀM
11	Services des partenariats et du soutien à l'innovation (SePSI) - UQÀM
11	Services Départemental d'Incendie et de Secours de l'Ain
11	Services Départemental d'Incendie et de Secours de l'Ain
11	Services Départemental d'Incendie et de Secours de l'Essonne
11	Services Départemental d'Incendie et de Secours de l'Essonne
11	Services Départemental d'Incendie et de Secours de la Gironde
11	Services Départemental d'Incendie et de Secours de la Gironde
11	Services Départemental d'Incendie et de Secours de la Somme
11	Services Départemental d'Incendie et de Secours de la Somme
11	Services départemental d'incendie et de secours des Hautes-Alpes
11	Services départemental d'incendie et de secours des Hautes-Alpes
11	SERVICES EN GESTION ET PLANIFICATION D'ENTREPOSAGE JEAN-LOUIS LAROCQUE INC.
11	SERVICES EN GESTION ET PLANIFICATION D'ENTREPOSAGE JEAN-LOUIS LAROCQUE INC.
11	SERVICES EN GESTION, FORMATION ET COORDINATION (S.G.F.C.) INC.
11	SERVICES EN GESTION, FORMATION ET COORDINATION (S.G.F.C.) INC.
11	Services externe de main-d'oeuvre du Saguenay-Lac-St-Jean
11	Services externe de main-d'oeuvre du Saguenay-Lac-St-Jean
11	Services Financiers C.T.R. Inc., Cabinet en assurance de personnes
11	Services Financiers C.T.R. Inc., Cabinet en assurance de personnes
11	Services Financiers Groupe Investors Inc. & Services d'Assurances I.G. Inc.
11	Services Financiers Groupe Investors Inc. & Services d'Assurances I.G. Inc.
11	Services for Adults Staying in Their Homes (formerly Seniors Action Services)
11	Services for Adults Staying in Their Homes (formerly Seniors Action Services)
11	Services for Teens at Risk (STAR-Center), Western Psychiatric Institute & Clinic
11	Services for Teens at Risk (STAR-Center), Western Psychiatric Institute & Clinic
11	Services for the Emergency Aid Resource Center for the Homeless (SEARCH)
11	Services for the Emergency Aid Resource Center for the Homeless (SEARCH)
11	Services for the Underserved, Mental Health Division, Assertive Community Treatment Team
11	Services for the Underserved, Mental Health Division, Assertive Community Treatment Team
11	Services Fédéral Médiation et Conciliation, Gouvernement du Canada
11	Services Fédéral Médiation et Conciliation, Gouvernement du Canada
11	Services Industry Professional at Helen Back Cafe in Fort Walton Beach
11	Services Industry Professional at Helen Back Cafe in Fort Walton Beach
11	SERVICES INTEGRE D'ACCUEIL ET D'ORIENTATION DE MEURTHE ET MOSELLE
11	SERVICES INTEGRE D'ACCUEIL ET D'ORIENTATION DE MEURTHE ET MOSELLE
11	Services Interentreprises de Santé au Travail de Kourou et Ouest Guyane
11	Services Interentreprises de Santé au Travail de Kourou et Ouest Guyane
11	Services Internet du Services des Résidences de l'Université Laval
11	Services Internet du Services des Résidences de l'Université Laval
11	SERVICES JURIDIQUES COMMUNAUTAIRES DE POINTE-ST- CHARLES ET PETITE BOURGOGNE INC.
11	SERVICES JURIDIQUES COMMUNAUTAIRES DE POINTE-ST- CHARLES ET PETITE BOURGOGNE INC.
11	Services Libres Interrégionaux du Namurois/Centres Psycho-médico-sociaux
11	Services Libres Interrégionaux du Namurois/Centres Psycho-médico-sociaux
11	Services Line Marketing Planner Services Line Marketing 109881 Sleep Disorders Center
11	Services Line Marketing Planner Services Line Marketing 109881 Sleep Disorders Center
11	Services Link Agency Sales & Posting ( Formerly Fidelity National Loan Portfolio Services)
11	Services Link Agency Sales & Posting ( Formerly Fidelity National Loan Portfolio Services)
11	Services Managment USA (aka Building One Services Solutions & United Services Solutions)
11	Services Managment USA (aka Building One Services Solutions & United Services Solutions)
11	Services Master of Keene subcontracted into Vermont Yankee nuclear power plant
11	Services Master of Keene subcontracted into Vermont Yankee nuclear power plant
11	Services Matrec Inc. / (formerly Veolia ES Matières Résiduelles Inc.)
11	Services Matrec Inc. / (formerly Veolia ES Matières Résiduelles Inc.)
11	Services Mission, The Church of Jesus Christ of Latter-day Saints
11	Services Mission, The Church of Jesus Christ of Latter-day Saints
11	Services of Liberty Lutheran: Artman Nursing & Rehab Center & Liberty at Home
11	Services of Liberty Lutheran: Artman Nursing & Rehab Center & Liberty at Home
11	Services of Peace & Justice NGO (Servicio de Paz y Justicia, SERPAJ)
11	Services of Peace & Justice NGO (Servicio de Paz y Justicia, SERPAJ)
11	Services Operations NL Accounts & Customers at ABN AMRO Bank N.V
11	Services Operations NL Accounts & Customers at ABN AMRO Bank N.V
11	Services PAE et Programme de santé des fonctionnaires fédéraux
11	Services PAE et Programme de santé des fonctionnaires fédéraux
11	Services plus Process Servicing Co. & C. Jean Baptist & Michael Cheatham Esq. ​​
11	Services plus Process Servicing Co. & C. Jean Baptist & Michael Cheatham Esq. ​​
11	Services québécois du livre adapté (INLB/Magnétothèque)
11	Services québécois du livre adapté (INLB/Magnétothèque)
11	Services Ready, Ala Carte Event Pavilion, & Tampa Bay Performing Arts Center
11	Services Ready, Ala Carte Event Pavilion, & Tampa Bay Performing Arts Center
11	SERVICES Rà?GIONAUX DE SOUTIEN ET D'EXPERTISE DE L'ESTRIE
11	SERVICES Rà?GIONAUX DE SOUTIEN ET D'EXPERTISE DE L'ESTRIE
11	SERVICES Rà?GIONAUX DE SOUTIEN ET D'EXPERTISE EN ADAPTATION SCOLAIRE
11	SERVICES Rà?GIONAUX DE SOUTIEN ET D'EXPERTISE EN ADAPTATION SCOLAIRE
11	Services régional d'admission du Montréal métropolitain (SRAM)
11	Services régional d'admission du Montréal métropolitain (SRAM)
11	SERVICES SOCIAUX DE LA MAURICIE ET DU CENTRE-DU-QUÉBEC
11	SERVICES SOCIAUX DE LA MAURICIE ET DU CENTRE-DU-QUÉBEC
11	Services Specialists for the Latin America Market JP Morgan, Private Bank
11	Services Specialists for the Latin America Market JP Morgan, Private Bank
11	SERVICES TECH WORK BASED LEARNING BATON ROUGE DEPARTMENT OF PUBLIC WORKS
11	SERVICES TECH WORK BASED LEARNING BATON ROUGE DEPARTMENT OF PUBLIC WORKS
11	Services United States | Advanced Janitorial Services Inc. | Corporate Cleaning Services Inc.
11	Services United States | Advanced Janitorial Services Inc. | Corporate Cleaning Services Inc.
11	SERVICES ZONE DE MEXICO S DE RL DE CV (AUTO ZONE)
11	SERVICES ZONE DE MEXICO S DE RL DE CV (AUTO ZONE)
11	Services-Gesell. f. Verkaufs- förderung-Verteilung-Versand- EDV-Postbearbeitung mbH
11	Services-Gesell. f. Verkaufs- förderung-Verteilung-Versand- EDV-Postbearbeitung mbH
11	ServiceStar, LLC is a privately owned company specializing in debt negotiations.
11	ServiceStar, LLC is a privately owned company specializing in debt negotiations.
11	Servicetore DB, S- Bahnhof Nordbahnhof, Torsten Mike Hübner e.K.
11	Servicetore DB, S- Bahnhof Nordbahnhof, Torsten Mike Hübner e.K.
11	Sérvice Cóil Comércio de Materiais Elétricos ltda
11	Sérvice Cóil Comércio de Materiais Elétricos ltda
11	Ziad Al Amiri, MD Interventional Radiologist at Valley Regional Medical Center
11	ZIAD DIAB, SAMI SHAHDA AND SIHAM DIAB SHAHDA, A GENERAL PARTNERSHIP
11	Zibo twelve thousand three hundred forty-three Family Services Center Network
11	ZICCA Zentro Internacional para la Cultura y Comercio de la Artesania
11	ZICHANG PAN, D.D.S., & SHUYUN ZENG D.D.S., INC.
11	Zicht risicoadviseurs B.V. (v.h. ING Assurantiekantoren Nederland B.V.)
11	Zicklin School of Business, Baruch College, City University of New York
11	Zicklin School of Business, City University of New York - Baruch College
11	Zicklin School of Business-Baruch College-City University of New York
11	Zied Instalação e Manutenção em Edificaçoes Ltda Me
11	Ziehl-Abegg do Brasil Imp. Exp. e Com de Ventiladores Ltda.
11	Ziek en zo, fighting cancer & enjoying life (as long as possible)
11	Ziekenhuis Voorburg Reinier de Graaf Groep, Fonteynenburghlaan 5, 2275 CX Voorburg
11	Ziekenhuisapotheek Sint Franciscus Gasthuis en Centrale dienst Apotheek Hof van Putten
11	ZIERCHER & HOCKER, P.C. - St. Louis, MO (Merged with Husch & Eppenberger)
11	ZİGANA DAYANIKLI TÜK.MALZ.PAZ.TİC.A.Ş. (Özel)
11	Zigurate Marchetaria Industria e Comercio de Artefatos de Madeira LTDA EPP
11	Zihuatanejo do Brasil Açúcar e Alcool S/A - Grupo EQM
11	Zihuatanejo do Brasil Açúcar e Álcool S.A - Usina Cucaú
11	Zihuatanejo do Brasil Açúcar e Álcool S/A - Usina Cucaú
11	Zihuatanejo do Brasil Açúcar e Álcool S/A. - Usina Cucaú
11	ZİLE SEBAT MAKİNA SAN. TİC.LTD.ŞTİ. (Özel)
11	Zilkha Neurogenetic Institute of the Keck School of Medicine at USC
11	Zilkha Neurogenetic Institute, Keck School of Medicine of USC, & Chemistry Department
11	Zilkha Neurogenetic Institute, University of Southern California, University of Southern California
11	Zilt-E Ziltzaam Lekker (started as Hans Everse's Zilte Smaaksensaties)
11	ZIM Intergrated Shipping Service LTD (ZIM Italia S.r.L.U.)
11	ZIM Intergrated Shipping Services LTD - Zim do Brasil (South America District)
11	Zimbra – Agropecuária industrial e Comercial LTDA. BARRA Produtos de Limpeza.
11	ZIMIHC, Landschap Erfgoed Utrecht, Kunst Centraal, BISC, CBK-U, provincie Utrecht
11	Zin Guglielmo e Fausto di Zin Massimo & Adriano s.n.c.
11	Zindagi Na Milegi Dobara Director Zoya Akhtar Cinematographer: Carlos Catalán
11	ZİNDE DİZAYN VE YAPI ELAMANLARI SAN.LTD.ŞTİ. (Özel)
11	ZINETTI IND. E COM. DE PLÁSTICOS E ELETRÔNICOS LTDA
11	ZİNGAT GAYRİMENKUL BİLGİ SİSTEMLERİ ANONİM ŞİRKETİ
11	Zinnig & Zo, voor tekst en communicatie in het onderwijs en levensverhalen
11	Zinnober e.V. Beratung und Hilfen für Kinder und Jugendliche
11	Zion Lutheran Church, Nipawin, SK & St. Mark Lutheran Church, Choiceland, SK
11	Zion Presbyterian Church of Ellsworth, MN & Emmanuel Presbyterian Church of Rushmore
11	Zions Bancorporation,Enterprise Technology Operations, a division of ZB, N.A.
11	ZioSEM, agenzia di marketing online e X-Media, cross media marketing
11	Zipatoni (now New Honor Society, formerly Rivet Global, an IPG Co.)
11	Zipo Comunicação, Estruturas Ecológicas e InBrasilDF Madeira Plástica
11	Zipporah S. Abramson Center for Early Childhood Education at Congregation BethOr
11	ZİRKON ZAHN ASYA PROTEZ SANAYİ VE TİCARET LTD ŞT
11	ZİRVE ASANSÖR MÜH.HİZ.LTD.ŞTİ.# (Özel)
11	ZİRVE AĞAÇLANDIRMA PEYZAJ İNŞ.NAK.LTD.ŞTİ (Özel)
11	ZİRVE BİLGİSAYAR TİC. VE SAN. LTD ŞTİ
11	Zirve Grf. Prm. Matbaacılık San. Dış Tic. LTD Şti
11	ZİRVE TELEKOM DAY.TÜK.MAL.SAN.LTD.ŞTİ. (Özel)
11	ZİRVE TEZYİNAT SAN.VE TİC.LTD.ŞTİ. (Özel)
11	Zito India hiring for One of our esteemed client in FMCG
11	Zito India hiring for One of the leading FMCG Multinational Company
11	Zito Pereira Ind. e Com. de peças p/ autos Ltda.
11	Zito Pereira Ind. E Com. De Peças para Autos Ltda
11	Zito Pereira Indústria e Comércio de Peças LTDA.
11	ZITZ INDÚSTRIA E COMÉRCIO DE MOLHOS E TEMPEROS LTDA.
11	ZIUR, S.L, Madrid, España (Arquitectura, Ingeniería y Construcciones)
11	ZIVA, Construcción y Diseño,S.A de C.V
11	Ziya Basınyayın Dayanıklı Tük. Mal. Tic. Aş
11	• MEDESK INDÚSTRIA E COMÉRCIO DE EQUIPAMENTOS INDUSTRIAIS LTDA - ME
11	• QUALIFY ENGLISH SCHOOL, WISE UP ENGLISH SCHOOL AND SKILL LANGUAGE SCHOOL
